"App name","Date","Time","Duration"
"App Usage","4/6/23","9:04:14 AM","0:00:01"
"Notification posted (Gmail)","4/6/23","9:03:55 AM","0:00:00"
"Notification posted (Gmail)","4/6/23","9:03:55 AM","0:00:00"
"Notification posted (Gmail)","4/6/23","9:03:54 AM","0:00:00"
"Gmail","4/6/23","9:03:52 AM","0:00:21"
"applocker","4/6/23","9:03:50 AM","0:00:02"
"App Usage","4/6/23","9:02:21 AM","0:01:27"
"Business Empire","4/6/23","8:58:40 AM","0:03:31"
"Google Play Store","4/6/23","8:57:50 AM","0:00:49"
"Notification posted (Canvas Student)","4/6/23","8:49:10 AM","0:00:00"
"Notification posted (Canvas Student)","4/6/23","8:49:10 AM","0:00:00"
"Business Empire","4/6/23","8:43:42 AM","0:14:09"
"Google Play Store","4/6/23","8:43:38 AM","0:00:04"
"Chrome","4/6/23","8:43:37 AM","0:00:01"
"Business Empire","4/6/23","8:41:09 AM","0:02:28"
"Business Empire","4/6/23","8:40:48 AM","0:00:18"
"Google Play Store","4/6/23","8:40:46 AM","0:00:03"
"Chrome","4/6/23","8:40:45 AM","0:00:01"
"Business Empire","4/6/23","8:33:11 AM","0:07:34"
"Google Play Store","4/6/23","8:33:09 AM","0:00:02"
"Chrome","4/6/23","8:33:08 AM","0:00:01"
"Business Empire","4/6/23","8:31:16 AM","0:01:51"
"Google Play Store","4/6/23","8:31:12 AM","0:00:04"
"Chrome","4/6/23","8:31:10 AM","0:00:02"
"Business Empire","4/6/23","8:26:17 AM","0:04:52"
"Screen on (unlocked)","4/6/23","8:26:16 AM","0:00:00"
"Screen off","4/6/23","8:26:16 AM","0:00:00"
"Screen off (locked)","4/6/23","8:23:24 AM","0:02:51"
"Business Empire","4/6/23","8:22:11 AM","0:01:12"
"Business Empire","4/6/23","8:16:12 AM","0:02:20"
"Gmail","4/6/23","8:16:09 AM","0:00:01"
"Notification posted (Gmail)","4/6/23","8:14:12 AM","0:00:00"
"Notification posted (Gmail)","4/6/23","8:14:12 AM","0:00:00"
"Notification posted (Gmail)","4/6/23","8:14:12 AM","0:00:00"
"Notification posted (Gmail)","4/6/23","8:14:12 AM","0:00:00"
"Notification posted (Gmail)","4/6/23","8:14:12 AM","0:00:00"
"Notification posted (Gmail)","4/6/23","8:14:09 AM","0:00:00"
"Notification posted (Gmail)","4/6/23","8:14:09 AM","0:00:00"
"Notification posted (Gmail)","4/6/23","8:14:09 AM","0:00:00"
"Notification posted (Gmail)","4/6/23","8:14:09 AM","0:00:00"
"Notification posted (Gmail)","4/6/23","8:14:09 AM","0:00:00"
"Notification posted (Gmail)","4/6/23","8:14:09 AM","0:00:00"
"Notification posted (Gmail)","4/6/23","8:14:09 AM","0:00:00"
"Notification posted (Gmail)","4/6/23","8:14:07 AM","0:00:00"
"Notification posted (Gmail)","4/6/23","8:14:07 AM","0:00:00"
"Notification posted (Gmail)","4/6/23","8:14:07 AM","0:00:00"
"Notification posted (Gmail)","4/6/23","8:14:07 AM","0:00:00"
"Notification posted (Gmail)","4/6/23","8:14:07 AM","0:00:00"
"Notification posted (Gmail)","4/6/23","8:14:07 AM","0:00:00"
"Notification posted (Gmail)","4/6/23","8:14:07 AM","0:00:00"
"Notification posted (Gmail)","4/6/23","8:14:07 AM","0:00:00"
"Notification posted (Gmail)","4/6/23","8:14:07 AM","0:00:00"
"Notification posted (Gmail)","4/6/23","8:14:07 AM","0:00:00"
"Notification posted (Gmail)","4/6/23","8:14:07 AM","0:00:00"
"Notification posted (Gmail)","4/6/23","8:14:07 AM","0:00:00"
"Notification posted (Gmail)","4/6/23","8:14:07 AM","0:00:00"
"Notification posted (Gmail)","4/6/23","8:14:06 AM","0:00:00"
"Notification posted (Gmail)","4/6/23","8:14:06 AM","0:00:00"
"Notification posted (Gmail)","4/6/23","8:14:06 AM","0:00:00"
"Notification posted (Gmail)","4/6/23","8:14:06 AM","0:00:00"
"Notification posted (Gmail)","4/6/23","8:14:06 AM","0:00:00"
"Notification posted (Gmail)","4/6/23","8:14:04 AM","0:00:00"
"Notification posted (Gmail)","4/6/23","8:14:04 AM","0:00:00"
"Notification posted (Gmail)","4/6/23","8:14:04 AM","0:00:00"
"Notification posted (Gmail)","4/6/23","8:14:04 AM","0:00:00"
"Notification posted (Gmail)","4/6/23","8:14:04 AM","0:00:00"
"Notification posted (Gmail)","4/6/23","8:14:04 AM","0:00:00"
"Notification posted (Udemy)","4/6/23","8:14:04 AM","0:00:00"
"App Usage","4/6/23","8:14:03 AM","0:02:05"
"Notification posted (Gmail)","4/6/23","8:13:31 AM","0:00:00"
"Gmail","4/6/23","8:12:41 AM","0:01:17"
"applocker","4/6/23","8:12:38 AM","0:00:03"
"App Usage","4/6/23","8:11:18 AM","0:01:15"
"Business Empire","4/6/23","8:03:42 AM","0:07:32"
"Google Play Store","4/6/23","8:03:39 AM","0:00:03"
"Chrome","4/6/23","8:03:38 AM","0:00:01"
"Business Empire","4/6/23","8:00:56 AM","0:02:42"
"Google Play Store","4/6/23","8:00:53 AM","0:00:04"
"Chrome","4/6/23","8:00:51 AM","0:00:01"
"Business Empire","4/6/23","7:59:14 AM","0:01:38"
"Business Empire","4/6/23","7:58:39 AM","0:00:34"
"Notification posted (App Usage)","4/6/23","7:58:37 AM","0:00:00"
"Notification posted (App Usage)","4/6/23","7:58:37 AM","0:00:00"
"Notification posted (Google Play Store)","4/6/23","7:58:30 AM","0:00:00"
"Google Play Store","4/6/23","7:58:14 AM","0:00:01"
"Google Play Store","4/6/23","7:58:14 AM","0:00:23"
"Business Empire","4/6/23","7:58:11 AM","0:00:04"
"Business Empire","4/6/23","7:56:52 AM","0:01:17"
"Notification posted (Google)","4/6/23","7:55:05 AM","0:00:00"
"Notification posted (PUMA)","4/6/23","7:55:04 AM","0:00:00"
"Notification posted (Walmart)","4/6/23","7:55:02 AM","0:00:00"
"Business Empire","4/6/23","7:55:01 AM","0:01:50"
"Screen on (unlocked)","4/6/23","7:54:58 AM","0:00:00"
"Screen on (locked)","4/6/23","7:54:54 AM","0:00:04"
"Notification posted (Calendar)","4/6/23","7:30:00 AM","0:00:00"
"Notification posted (App Usage)","4/6/23","5:20:39 AM","0:00:00"
"Screen off (locked)","4/5/23","11:57:57 PM","7:56:57"
"Business Empire","4/5/23","11:55:29 PM","0:02:26"
"Google Play Store","4/5/23","11:55:25 PM","0:00:04"
"Chrome","4/5/23","11:55:25 PM","0:00:01"
"Business Empire","4/5/23","11:54:36 PM","0:00:49"
"Screen on (unlocked)","4/5/23","11:54:33 PM","0:00:01"
"Screen on (locked)","4/5/23","11:54:29 PM","0:00:04"
"Screen off (locked)","4/5/23","11:54:14 PM","0:00:15"
"Notification posted (Upstox)","4/5/23","11:53:52 PM","0:00:00"
"Screen on (unlocked)","4/5/23","11:53:52 PM","0:00:00"
"Screen on (locked)","4/5/23","11:53:51 PM","0:00:00"
"Screen off (locked)","4/5/23","11:29:07 PM","0:24:44"
"Screen on (locked)","4/5/23","11:29:05 PM","0:00:02"
"Screen off (locked)","4/5/23","11:12:58 PM","0:16:07"
"Screen on (locked)","4/5/23","11:12:57 PM","0:00:01"
"Screen off (locked)","4/5/23","11:12:41 PM","0:00:16"
"Business Empire","4/5/23","11:11:16 PM","0:01:23"
"Screen on (unlocked)","4/5/23","11:11:09 PM","0:00:00"
"Screen off","4/5/23","11:11:08 PM","0:00:00"
"Notification posted (Google Play services)","4/5/23","11:07:05 PM","0:00:00"
"Notification posted (Google Play services)","4/5/23","11:07:00 PM","0:00:00"
"Notification posted (Google Play services)","4/5/23","11:06:58 PM","0:00:00"
"Notification posted (Upstox)","4/5/23","11:06:50 PM","0:00:00"
"Notification posted (Canvas Student)","4/5/23","11:06:48 PM","0:00:00"
"Notification posted (Canvas Student)","4/5/23","11:06:48 PM","0:00:00"
"Screen off (locked)","4/5/23","11:06:46 PM","0:04:22"
"Notification posted (Google)","4/5/23","11:06:45 PM","0:00:00"
"Screen on (unlocked)","4/5/23","11:06:41 PM","0:00:01"
"Screen off","4/5/23","11:06:40 PM","0:00:00"
"Notification posted (Calendar)","4/5/23","9:00:01 PM","0:00:00"
"Notification posted (Calendar)","4/5/23","6:00:01 PM","0:00:00"
"Notification posted (Canvas Student)","4/5/23","3:56:31 PM","0:00:00"
"Notification posted (Canvas Student)","4/5/23","3:56:30 PM","0:00:00"
"Notification posted (Canvas Student)","4/5/23","3:56:30 PM","0:00:00"
"Notification posted (Canvas Student)","4/5/23","3:56:30 PM","0:00:00"
"Notification posted (YouTube Vanced)","4/5/23","3:56:28 PM","0:00:00"
"Notification posted (Calendar)","4/5/23","3:30:01 PM","0:00:00"
"Notification posted (Google Play services)","4/5/23","1:02:19 PM","0:00:00"
"Notification posted (Google)","4/5/23","1:01:50 PM","0:00:00"
"Screen off (locked)","4/5/23","11:36:17 AM","11:30:23"
"Screen on (unlocked)","4/5/23","11:36:14 AM","0:00:00"
"Screen off","4/5/23","11:36:14 AM","0:00:00"
"Screen off (locked)","4/5/23","11:30:51 AM","0:05:23"
"Screen on (unlocked)","4/5/23","11:30:42 AM","0:00:00"
"Screen off","4/5/23","11:30:41 AM","0:00:00"
"Notification posted (Calendar)","4/5/23","11:30:01 AM","0:00:00"
"Screen off (locked)","4/5/23","11:29:33 AM","0:01:08"
"Business Empire","4/5/23","11:28:37 AM","0:00:52"
"Google Play Store","4/5/23","11:28:33 AM","0:00:03"
"Chrome","4/5/23","11:28:32 AM","0:00:01"
"Notification posted (Google)","4/5/23","11:20:37 AM","0:00:00"
"Business Empire","4/5/23","11:20:36 AM","0:07:56"
"Notification posted (GPay)","4/5/23","11:20:33 AM","0:00:00"
"Notification posted (Paytm)","4/5/23","11:20:24 AM","0:00:00"
"Screen on (unlocked)","4/5/23","11:20:23 AM","0:00:00"
"Screen off","4/5/23","11:20:22 AM","0:00:01"
"Notification posted (Google Play services)","4/5/23","10:24:56 AM","0:00:00"
"Notification posted (App Usage)","4/5/23","9:00:32 AM","0:00:00"
"Notification posted (Calendar)","4/5/23","7:30:01 AM","0:00:00"
"Notification posted (App Usage)","4/5/23","5:13:47 AM","0:00:00"
"Notification posted (Calendar)","4/5/23","4:30:01 AM","0:00:00"
"Notification posted (YouTube Vanced)","4/5/23","3:13:42 AM","0:00:00"
"Notification posted (Upstox)","4/5/23","3:13:41 AM","0:00:00"
"Notification posted (Prime Video)","4/5/23","3:13:40 AM","0:00:00"
"Notification posted (Google Play services)","4/5/23","3:10:16 AM","0:00:00"
"Notification posted (Calendar)","4/5/23","1:00:01 AM","0:00:00"
"Notification posted (Calendar)","4/4/23","9:00:01 PM","0:00:00"
"Notification posted (H&M)","4/4/23","6:46:02 PM","0:00:00"
"Notification posted (Calendar)","4/4/23","6:00:01 PM","0:00:00"
"Screen off (locked)","4/4/23","5:19:58 PM","18:00:23"
"Screen on (unlocked)","4/4/23","5:19:57 PM","0:00:00"
"Screen off","4/4/23","5:19:57 PM","0:00:00"
"Screen off (locked)","4/4/23","5:16:46 PM","0:03:11"
"Business Empire","4/4/23","5:16:33 PM","0:00:09"
"Screen on (unlocked)","4/4/23","5:16:29 PM","0:00:00"
"Screen off","4/4/23","5:16:28 PM","0:00:01"
"Notification posted (Google)","4/4/23","4:37:29 PM","0:00:00"
"Notification posted (Calendar)","4/4/23","2:30:02 PM","0:00:00"
"Screen off (locked)","4/4/23","2:28:17 PM","2:48:11"
"Screen on (locked)","4/4/23","2:28:16 PM","0:00:02"
"Screen off (locked)","4/4/23","2:28:02 PM","0:00:14"
"Screen on (locked)","4/4/23","2:28:01 PM","0:00:01"
"Screen off (locked)","4/4/23","2:27:11 PM","0:00:50"
"Screen on (locked)","4/4/23","2:27:00 PM","0:00:11"
"Screen off (locked)","4/4/23","2:26:21 PM","0:00:39"
"Screen on (locked)","4/4/23","2:26:04 PM","0:00:17"
"Screen off (locked)","4/4/23","2:18:37 PM","0:07:27"
"Screen on (locked)","4/4/23","2:18:14 PM","0:00:22"
"Notification posted (YouTube Vanced)","4/4/23","2:17:05 PM","0:00:00"
"Screen off (locked)","4/4/23","2:05:57 PM","0:12:17"
"Screen on (locked)","4/4/23","2:05:47 PM","0:00:10"
"Screen off (locked)","4/4/23","2:03:10 PM","0:02:37"
"Screen on (locked)","4/4/23","2:03:08 PM","0:00:02"
"Screen off (locked)","4/4/23","2:02:58 PM","0:00:10"
"Screen on (locked)","4/4/23","2:02:55 PM","0:00:03"
"Screen off (locked)","4/4/23","2:00:02 PM","0:02:52"
"Notification posted (Spotify)","4/4/23","1:59:55 PM","0:00:00"
"Spotify","4/4/23","1:59:51 PM","0:00:12"
"Screen on (unlocked)","4/4/23","1:59:48 PM","0:00:00"
"Screen off","4/4/23","1:59:48 PM","0:00:00"
"Screen off (locked)","4/4/23","1:56:34 PM","0:03:14"
"Screen on (locked)","4/4/23","1:56:33 PM","0:00:01"
"Screen off (locked)","4/4/23","1:56:32 PM","0:00:01"
"Screen on (locked)","4/4/23","1:56:31 PM","0:00:01"
"Screen off (locked)","4/4/23","1:56:29 PM","0:00:03"
"Maps","4/4/23","1:56:15 PM","0:00:12"
"Screen on (unlocked)","4/4/23","1:56:08 PM","0:00:00"
"Screen on (locked)","4/4/23","1:56:03 PM","0:00:05"
"Screen off (locked)","4/4/23","1:55:49 PM","0:00:14"
"Notification posted (Spotify)","4/4/23","1:55:42 PM","0:00:00"
"Spotify","4/4/23","1:55:32 PM","0:00:15"
"Screen on (unlocked)","4/4/23","1:54:42 PM","0:00:00"
"Screen off","4/4/23","1:54:42 PM","0:00:00"
"Screen off (locked)","4/4/23","1:44:24 PM","0:10:17"
"YouTube Vanced","4/4/23","1:41:54 PM","0:02:30"
"Notification posted (Google Play services)","4/4/23","1:35:07 PM","0:00:00"
"Notification posted (YouTube Vanced)","4/4/23","1:35:06 PM","0:00:00"
"Notification posted (Google Play services)","4/4/23","1:35:01 PM","0:00:00"
"Business Empire","4/4/23","1:34:54 PM","0:06:11"
"Screen on (unlocked)","4/4/23","1:34:35 PM","0:00:00"
"Screen on (locked)","4/4/23","1:34:30 PM","0:00:05"
"Notification posted (Calendar)","4/4/23","11:30:01 AM","0:00:00"
"Notification posted (App Usage)","4/4/23","9:00:24 AM","0:00:00"
"Notification posted (Calendar)","4/4/23","8:50:01 AM","0:00:00"
"Screen off (locked)","4/4/23","8:20:13 AM","5:14:18"
"Notification posted (Udemy)","4/4/23","8:20:04 AM","0:00:00"
"Screen on (locked)","4/4/23","8:20:03 AM","0:00:10"
"Notification posted (Walmart)","4/4/23","8:20:02 AM","0:00:00"
"Screen off (locked)","4/4/23","8:01:02 AM","0:19:01"
"Business Empire","4/4/23","7:46:46 AM","0:14:14"
"Notification posted (App Usage)","4/4/23","7:46:30 AM","0:00:00"
"Notification posted (Prime Video)","4/4/23","7:46:28 AM","0:00:00"
"Notification posted (Canvas Student)","4/4/23","7:46:23 AM","0:00:00"
"Notification posted (Canvas Student)","4/4/23","7:46:23 AM","0:00:00"
"Notification posted (Paytm)","4/4/23","7:46:16 AM","0:00:00"
"Notification posted (Google)","4/4/23","7:46:15 AM","0:00:00"
"Screen on (unlocked)","4/4/23","7:46:13 AM","0:00:00"
"Screen on (locked)","4/4/23","7:46:09 AM","0:00:04"
"Screen off (locked)","4/4/23","7:45:30 AM","0:00:39"
"Screen on (locked)","4/4/23","7:45:20 AM","0:00:10"
"Notification posted (Calendar)","4/4/23","7:30:01 AM","0:00:00"
"Screen off (locked)","4/3/23","9:51:23 PM","9:53:57"
"Notification posted (YouTube Vanced)","4/3/23","9:51:16 PM","0:00:00"
"Screen on (unlocked)","4/3/23","9:51:11 PM","0:00:00"
"Screen off","4/3/23","9:51:11 PM","0:00:00"
"Notification posted (YouTube Vanced)","4/3/23","9:50:59 PM","0:00:00"
"Notification posted (Calendar)","4/3/23","9:00:01 PM","0:00:00"
"Notification posted (Splitwise)","4/3/23","8:31:24 PM","0:00:00"
"Screen off (locked)","4/3/23","8:31:03 PM","1:20:08"
"Notification posted (Calendar)","4/3/23","8:30:00 PM","0:00:00"
"Business Empire","4/3/23","8:28:24 PM","0:02:36"
"Notification posted (System UI)","4/3/23","8:27:26 PM","0:00:00"
"MyFitnessPal","4/3/23","8:25:15 PM","0:03:02"
"Business Empire","4/3/23","8:25:00 PM","0:00:15"
"Screen on (unlocked)","4/3/23","8:24:56 PM","0:00:01"
"Screen on (locked)","4/3/23","8:24:53 PM","0:00:03"
"Screen off (locked)","4/3/23","8:24:50 PM","0:00:03"
"Notification posted (System UI)","4/3/23","8:23:11 PM","0:00:00"
"Notification posted (System UI)","4/3/23","8:22:46 PM","0:00:00"
"Notification posted (YouTube Vanced)","4/3/23","8:19:52 PM","0:00:00"
"Notification posted (Google Play services)","4/3/23","8:19:48 PM","0:00:00"
"MyFitnessPal","4/3/23","8:19:39 PM","0:05:09"
"Notification posted (Google)","4/3/23","8:19:35 PM","0:00:00"
"Screen on (unlocked)","4/3/23","8:19:35 PM","0:00:00"
"Screen off","4/3/23","8:19:35 PM","0:00:00"
"Screen off (locked)","4/3/23","7:19:26 PM","1:00:09"
"Screen on (locked)","4/3/23","7:19:16 PM","0:00:10"
"Notification posted (Calendar)","4/3/23","7:00:00 PM","0:00:00"
"Screen off (locked)","4/3/23","6:37:54 PM","0:41:22"
"Screen on (unlocked)","4/3/23","6:37:46 PM","0:00:00"
"Screen off","4/3/23","6:37:46 PM","0:00:00"
"Notification posted (Calendar)","4/3/23","6:00:00 PM","0:00:00"
"Notification posted (Google Play services)","4/3/23","5:20:31 PM","0:00:00"
"Notification posted (Google Play services)","4/3/23","4:20:13 PM","0:00:00"
"Notification posted (Calendar)","4/3/23","3:30:00 PM","0:00:00"
"Notification posted (Google Play services)","4/3/23","2:20:07 PM","0:00:00"
"Notification posted (Calendar)","4/3/23","1:30:00 PM","0:00:00"
"Notification posted (Google Play Store)","4/3/23","12:58:06 PM","0:00:00"
"Notification posted (Google Play Store)","4/3/23","12:54:51 PM","0:00:00"
"Notification posted (Canvas Student)","4/3/23","12:54:48 PM","0:00:00"
"Notification posted (Canvas Student)","4/3/23","12:54:48 PM","0:00:00"
"Notification posted (GPay)","4/3/23","12:31:15 PM","0:00:00"
"Notification posted (Google)","4/3/23","12:22:03 PM","0:00:00"
"Notification posted (YouTube Vanced)","4/3/23","12:17:51 PM","0:00:00"
"Notification posted (Google Play services)","4/3/23","12:17:49 PM","0:00:00"
"Screen off (locked)","4/3/23","12:17:40 PM","6:20:06"
"Screen on (locked)","4/3/23","12:17:35 PM","0:00:05"
"Notification posted (Google Play services)","4/3/23","12:09:45 PM","0:00:00"
"Notification posted (Canvas Student)","4/3/23","12:08:56 PM","0:00:00"
"Notification posted (Canvas Student)","4/3/23","12:08:56 PM","0:00:00"
"Notification posted (Canvas Student)","4/3/23","12:08:56 PM","0:00:00"
"Notification posted (Canvas Student)","4/3/23","12:08:56 PM","0:00:00"
"Notification posted (Canvas Student)","4/3/23","12:08:56 PM","0:00:00"
"Notification posted (Canvas Student)","4/3/23","12:08:56 PM","0:00:00"
"Notification posted (Canvas Student)","4/3/23","12:08:56 PM","0:00:00"
"Notification posted (Canvas Student)","4/3/23","12:08:56 PM","0:00:00"
"Notification posted (Canvas Student)","4/3/23","12:08:56 PM","0:00:00"
"Notification posted (Canvas Student)","4/3/23","12:08:56 PM","0:00:00"
"Notification posted (Canvas Student)","4/3/23","12:08:56 PM","0:00:00"
"Notification posted (Canvas Student)","4/3/23","12:08:56 PM","0:00:00"
"Notification posted (Canvas Student)","4/3/23","12:08:56 PM","0:00:00"
"Notification posted (Canvas Student)","4/3/23","12:08:56 PM","0:00:00"
"Notification posted (Canvas Student)","4/3/23","12:08:56 PM","0:00:00"
"Notification posted (Canvas Student)","4/3/23","12:08:56 PM","0:00:00"
"Notification posted (Canvas Student)","4/3/23","12:08:56 PM","0:00:00"
"Notification posted (Canvas Student)","4/3/23","12:08:56 PM","0:00:00"
"Notification posted (Canvas Student)","4/3/23","12:08:56 PM","0:00:00"
"Notification posted (Canvas Student)","4/3/23","12:08:56 PM","0:00:00"
"Device boot","4/3/23","12:08:47 PM","0:08:48"
"Screen off (locked)","4/3/23","12:08:42 PM","0:00:05"
"Notification posted (Calendar)","4/3/23","12:08:36 PM","0:00:00"
"Notification posted (Gmail)","4/3/23","12:08:28 PM","0:00:00"
"Gmail","4/3/23","12:08:26 PM","0:00:15"
"applocker","4/3/23","12:08:25 PM","0:00:01"
"applocker","4/3/23","12:08:24 PM","0:00:01"
"Notification posted (App Usage)","4/3/23","12:08:12 PM","0:00:00"
"Device shutdown","4/3/23","12:01:31 PM","0:06:40"
"Notification posted (Gmail)","4/3/23","12:01:16 PM","0:00:00"
"Notification posted (Gmail)","4/3/23","12:01:16 PM","0:00:00"
"Notification posted (Gmail)","4/3/23","12:01:16 PM","0:00:00"
"Notification posted (Gmail)","4/3/23","12:01:16 PM","0:00:00"
"Notification posted (Gmail)","4/3/23","12:01:16 PM","0:00:00"
"Notification posted (Gmail)","4/3/23","12:01:16 PM","0:00:00"
"Notification posted (Gmail)","4/3/23","12:01:16 PM","0:00:00"
"Notification posted (Gmail)","4/3/23","12:01:15 PM","0:00:00"
"Notification posted (Gmail)","4/3/23","12:01:15 PM","0:00:00"
"Notification posted (Gmail)","4/3/23","12:01:15 PM","0:00:00"
"File Manager","4/3/23","12:01:13 PM","0:00:03"
"Notification posted (Gmail)","4/3/23","12:01:12 PM","0:00:00"
"Notification posted (Gmail)","4/3/23","12:01:12 PM","0:00:00"
"Notification posted (Gmail)","4/3/23","12:01:12 PM","0:00:00"
"Notification posted (Gmail)","4/3/23","12:01:12 PM","0:00:00"
"Notification posted (Gmail)","4/3/23","12:01:12 PM","0:00:00"
"Notification posted (Gmail)","4/3/23","12:01:12 PM","0:00:00"
"Notification posted (Gmail)","4/3/23","12:01:12 PM","0:00:00"
"Notification posted (Gmail)","4/3/23","12:01:12 PM","0:00:00"
"Notification posted (Gmail)","4/3/23","12:01:12 PM","0:00:00"
"Notification posted (Gmail)","4/3/23","12:01:12 PM","0:00:00"
"Notification posted (Gmail)","4/3/23","12:01:12 PM","0:00:00"
"Notification posted (Gmail)","4/3/23","12:01:10 PM","0:00:00"
"Notification posted (Gmail)","4/3/23","12:01:10 PM","0:00:00"
"Gmail","4/3/23","12:01:03 PM","0:00:10"
"applocker","4/3/23","12:01:02 PM","0:00:01"
"File Manager","4/3/23","12:00:42 PM","0:00:16"
"applocker","4/3/23","12:00:42 PM","0:00:01"
"MyFitnessPal","4/3/23","12:00:24 PM","0:00:01"
"Screen on (unlocked)","4/3/23","12:00:24 PM","0:00:00"
"Screen off","4/3/23","12:00:22 PM","0:00:01"
"Notification posted (Calendar)","4/3/23","11:30:01 AM","0:00:00"
"Notification posted (System UI)","4/3/23","10:08:48 AM","0:00:00"
"Notification posted (Google Play services)","4/3/23","10:06:41 AM","0:00:00"
"Notification posted (Canvas Student)","4/3/23","10:06:30 AM","0:00:00"
"Notification posted (Canvas Student)","4/3/23","10:06:30 AM","0:00:00"
"Screen off (locked)","4/3/23","9:08:26 AM","2:51:56"
"Screen on (locked)","4/3/23","9:08:25 AM","0:00:01"
"Notification posted (Airtel)","4/3/23","9:05:50 AM","0:00:00"
"Notification posted (Calendar)","4/3/23","9:05:01 AM","0:00:00"
"Screen off (locked)","4/3/23","8:47:16 AM","0:21:09"
"MyFitnessPal","4/3/23","8:39:20 AM","0:07:56"
"Splitwise","4/3/23","8:39:11 AM","0:00:07"
"Notification posted (Splitwise)","4/3/23","8:38:51 AM","0:00:00"
"Notification posted (Canvas Student)","4/3/23","8:38:49 AM","0:00:00"
"Notification posted (Canvas Student)","4/3/23","8:38:49 AM","0:00:00"
"Notification posted (Canvas Student)","4/3/23","8:38:49 AM","0:00:00"
"Notification posted (Canvas Student)","4/3/23","8:38:49 AM","0:00:00"
"Notification posted (Canvas Student)","4/3/23","8:38:49 AM","0:00:00"
"Notification posted (Canvas Student)","4/3/23","8:38:49 AM","0:00:00"
"Notification posted (Canvas Student)","4/3/23","8:38:49 AM","0:00:00"
"Notification posted (Canvas Student)","4/3/23","8:38:49 AM","0:00:00"
"Notification posted (Canvas Student)","4/3/23","8:38:49 AM","0:00:00"
"Notification posted (Canvas Student)","4/3/23","8:38:49 AM","0:00:00"
"Notification posted (Canvas Student)","4/3/23","8:38:49 AM","0:00:00"
"Notification posted (Canvas Student)","4/3/23","8:38:49 AM","0:00:00"
"Notification posted (Canvas Student)","4/3/23","8:38:49 AM","0:00:00"
"Notification posted (Canvas Student)","4/3/23","8:38:49 AM","0:00:00"
"Notification posted (Canvas Student)","4/3/23","8:38:49 AM","0:00:00"
"Notification posted (Canvas Student)","4/3/23","8:38:49 AM","0:00:00"
"Notification posted (Canvas Student)","4/3/23","8:38:49 AM","0:00:00"
"Notification posted (Canvas Student)","4/3/23","8:38:49 AM","0:00:00"
"MyFitnessPal","4/3/23","8:38:46 AM","0:00:26"
"Screen on (unlocked)","4/3/23","8:38:18 AM","0:00:00"
"Screen on (locked)","4/3/23","8:38:15 AM","0:00:03"
"Screen off (locked)","4/3/23","8:32:34 AM","0:05:41"
"Screen on (locked)","4/3/23","8:32:24 AM","0:00:10"
"Screen off (locked)","4/3/23","8:16:24 AM","0:16:00"
"Notification posted (Google Play services)","4/3/23","8:10:28 AM","0:00:00"
"Notification posted (YouTube Vanced)","4/3/23","8:10:19 AM","0:00:00"
"Notification posted (Google Play services)","4/3/23","8:10:12 AM","0:00:00"
"Business Empire","4/3/23","8:10:05 AM","0:06:16"
"Screen on (unlocked)","4/3/23","8:10:02 AM","0:00:02"
"MyFitnessPal","4/3/23","8:10:01 AM","0:00:00"
"Screen on (locked)","4/3/23","8:10:01 AM","0:00:00"
"Notification posted (Prime Video)","4/3/23","8:02:01 AM","0:00:00"
"Notification posted (Google Play Store)","4/3/23","8:01:56 AM","0:00:00"
"Notification posted (Upstox)","4/3/23","8:01:55 AM","0:00:00"
"Notification posted (Upstox)","4/3/23","8:01:55 AM","0:00:00"
"Notification posted (Google)","4/3/23","8:01:54 AM","0:00:00"
"Notification posted (Calendar)","4/3/23","8:00:01 AM","0:00:00"
"Notification posted (Calendar)","4/3/23","7:00:01 AM","0:00:00"
"Notification posted (Calendar)","4/3/23","6:45:01 AM","0:00:00"
"Notification posted (Calendar)","4/3/23","6:30:01 AM","0:00:00"
"Notification posted (App Usage)","4/3/23","5:05:41 AM","0:00:00"
"Notification posted (Calendar)","4/3/23","1:00:01 AM","0:00:00"
"Notification posted (Google Play services)","4/3/23","12:34:04 AM","0:00:00"
"Notification posted (Google Play services)","4/3/23","12:34:02 AM","0:00:00"
"Notification posted (Google Play services)","4/3/23","12:34:01 AM","0:00:00"
"Notification posted (Photos)","4/3/23","12:34:00 AM","0:00:00"
"Notification posted (Google Play services)","4/3/23","12:34:00 AM","0:00:00"
"Notification posted (Google Play services)","4/3/23","12:33:55 AM","0:00:00"
"Screen off (locked)","4/3/23","12:33:49 AM","7:36:12"
"Notification posted (Splitwise)","4/3/23","12:33:43 AM","0:00:00"
"Screen on (locked)","4/3/23","12:33:39 AM","0:00:10"
"Notification posted (Google Play services)","4/3/23","12:33:39 AM","0:00:00"
"Notification posted (Walmart)","4/3/23","12:33:39 AM","0:00:00"
"Screen off","4/2/23","11:17:39 PM","1:16:00"
"MyFitnessPal","4/2/23","11:02:07 PM","0:15:32"
"Screen on (unlocked)","4/2/23","11:01:49 PM","0:00:00"
"Screen off","4/2/23","11:01:49 PM","0:00:00"
"Notification posted (Upstox)","4/2/23","11:00:01 PM","0:00:00"
"Screen off (locked)","4/2/23","10:50:31 PM","0:11:18"
"MyFitnessPal","4/2/23","10:50:24 PM","0:00:06"
"Screen on (unlocked)","4/2/23","10:50:24 PM","0:00:00"
"Screen off","4/2/23","10:50:23 PM","0:00:00"
"Notification posted (Upstox)","4/2/23","10:45:02 PM","0:00:00"
"Notification posted (Google Play services)","4/2/23","10:45:01 PM","0:00:00"
"Screen off (locked)","4/2/23","10:24:17 PM","0:26:07"
"Screen on (locked)","4/2/23","10:24:03 PM","0:00:14"
"Notification posted (System UI)","4/2/23","10:21:58 PM","0:00:00"
"Notification posted (Google Play services)","4/2/23","10:11:49 PM","0:00:00"
"Notification posted (System UI)","4/2/23","10:07:46 PM","0:00:00"
"Notification posted (Airtel)","4/2/23","10:02:30 PM","0:00:00"
"Notification posted (Google Play services)","4/2/23","10:02:20 PM","0:00:00"
"MyFitnessPal","4/2/23","10:02:12 PM","0:21:51"
"Notification posted (Paytm)","4/2/23","10:02:01 PM","0:00:00"
"Screen on (unlocked)","4/2/23","10:02:00 PM","0:00:00"
"Screen off","4/2/23","10:01:59 PM","0:00:00"
"Notification posted (Calendar)","4/2/23","9:00:01 PM","0:00:00"
"Notification posted (Google Play services)","4/2/23","8:16:01 PM","0:00:00"
"Notification posted (Upstox)","4/2/23","8:15:57 PM","0:00:00"
"Notification posted (Splitwise)","4/2/23","8:15:57 PM","0:00:00"
"Notification posted (Calendar)","4/2/23","7:00:01 PM","0:00:00"
"Notification posted (Calendar)","4/2/23","6:30:00 PM","0:00:00"
"Screen off (locked)","4/2/23","4:03:28 PM","5:58:31"
"Notification posted (Google Play services)","4/2/23","4:02:44 PM","0:00:00"
"Business Empire","4/2/23","4:02:35 PM","0:00:52"
"Screen on (unlocked)","4/2/23","4:02:33 PM","0:00:01"
"Screen on (locked)","4/2/23","4:02:29 PM","0:00:03"
"Notification posted (Google Play services)","4/2/23","2:40:55 PM","0:00:00"
"Notification posted (YouTube Vanced)","4/2/23","1:56:53 PM","0:00:00"
"Notification posted (Google)","4/2/23","1:56:45 PM","0:00:00"
"Screen off (locked)","4/2/23","12:44:55 PM","3:17:34"
"Screen on (locked)","4/2/23","12:44:45 PM","0:00:10"
"Screen off (locked)","4/2/23","12:44:01 PM","0:00:44"
"Screen on (locked)","4/2/23","12:44:00 PM","0:00:01"
"Screen off (locked)","4/2/23","12:43:59 PM","0:00:01"
"YouTube Vanced","4/2/23","12:43:54 PM","0:00:02"
"Screen on (unlocked)","4/2/23","12:43:54 PM","0:00:00"
"Screen on (locked)","4/2/23","12:43:52 PM","0:00:02"
"Screen off (locked)","4/2/23","12:43:25 PM","0:00:27"
"YouTube Vanced","4/2/23","12:35:15 PM","0:08:09"
"Screen on (unlocked)","4/2/23","12:35:10 PM","0:00:00"
"Screen off","4/2/23","12:35:10 PM","0:00:00"
"Screen off (locked)","4/2/23","12:33:16 PM","0:01:54"
"Notification posted (Google Play services)","4/2/23","12:31:27 PM","0:00:00"
"Notification posted (Google Play services)","4/2/23","12:31:16 PM","0:00:00"
"Notification posted (Google)","4/2/23","12:31:08 PM","0:00:00"
"Business Empire","4/2/23","12:30:59 PM","0:02:14"
"Notification posted (Meet)","4/2/23","12:30:53 PM","0:00:00"
"Notification posted (Google Play Store)","4/2/23","12:30:51 PM","0:00:00"
"Screen on (unlocked)","4/2/23","12:30:50 PM","0:00:00"
"Screen off","4/2/23","12:30:49 PM","0:00:01"
"Notification posted (App Usage)","4/2/23","9:05:41 AM","0:00:00"
"Notification posted (App Usage)","4/2/23","5:37:10 AM","0:00:00"
"Notification posted (Google Play services)","4/2/23","12:06:42 AM","0:00:00"
"Notification posted (Google Play services)","4/2/23","12:06:41 AM","0:00:00"
"Notification posted (Google Play services)","4/2/23","12:06:40 AM","0:00:00"
"Notification posted (Google Play services)","4/2/23","12:06:37 AM","0:00:00"
"Notification posted (Google Play services)","4/2/23","12:06:33 AM","0:00:00"
"Notification posted (Google Play services)","4/1/23","10:01:33 PM","0:00:00"
"Notification posted (Google)","4/1/23","8:20:01 PM","0:00:00"
"Screen off (locked)","4/1/23","8:00:41 PM","16:30:08"
"Screen on (locked)","4/1/23","8:00:40 PM","0:00:01"
"Screen off (locked)","4/1/23","7:55:09 PM","0:05:31"
"Notification posted (Google Play services)","4/1/23","7:51:27 PM","0:00:00"
"YouTube Vanced","4/1/23","7:51:19 PM","0:03:48"
"Business Empire","4/1/23","7:45:54 PM","0:04:41"
"Screen on (unlocked)","4/1/23","7:45:52 PM","0:00:00"
"Screen off","4/1/23","7:45:51 PM","0:00:00"
"Notification posted (Calendar)","4/1/23","7:30:15 PM","0:00:00"
"Screen off (locked)","4/1/23","7:27:45 PM","0:18:06"
"Screen on (locked)","4/1/23","7:27:29 PM","0:00:17"
"Screen off (locked)","4/1/23","6:55:17 PM","0:32:11"
"Screen on (unlocked)","4/1/23","6:55:12 PM","0:00:00"
"Screen off","4/1/23","6:55:12 PM","0:00:00"
"Screen off (locked)","4/1/23","6:52:12 PM","0:03:00"
"Screen on (unlocked)","4/1/23","6:52:11 PM","0:00:00"
"Screen on (locked)","4/1/23","6:52:04 PM","0:00:06"
"Screen off (locked)","4/1/23","6:52:00 PM","0:00:05"
"Business Empire","4/1/23","6:51:40 PM","0:00:13"
"Notification posted (Google Play services)","4/1/23","6:51:16 PM","0:00:00"
"Notification posted (Google)","4/1/23","6:51:11 PM","0:00:00"
"Screen on (unlocked)","4/1/23","6:51:05 PM","0:00:00"
"Screen on (locked)","4/1/23","6:51:02 PM","0:00:03"
"Screen off (locked)","4/1/23","5:12:03 PM","1:38:59"
"Screen on (unlocked)","4/1/23","5:11:58 PM","0:00:00"
"Screen off","4/1/23","5:11:58 PM","0:00:00"
"Screen off (locked)","4/1/23","5:09:20 PM","0:02:38"
"Business Empire","4/1/23","4:58:49 PM","0:10:28"
"Google Play Store","4/1/23","4:58:45 PM","0:00:04"
"Business Empire","4/1/23","4:58:20 PM","0:00:26"
"Screen on (unlocked)","4/1/23","4:58:18 PM","0:00:00"
"Screen off","4/1/23","4:58:17 PM","0:00:00"
"Screen off (locked)","4/1/23","4:56:14 PM","0:02:03"
"Business Empire","4/1/23","4:49:29 PM","0:06:44"
"Screen on (unlocked)","4/1/23","4:49:26 PM","0:00:00"
"Screen on (locked)","4/1/23","4:49:21 PM","0:00:04"
"Notification posted (Splitwise)","4/1/23","4:28:08 PM","0:00:00"
"Screen off (locked)","4/1/23","4:25:31 PM","0:23:51"
"Screen on (locked)","4/1/23","4:25:30 PM","0:00:01"
"Screen off (locked)","4/1/23","4:25:19 PM","0:00:11"
"Splitwise","4/1/23","4:24:52 PM","0:00:09"
"Notification posted (Splitwise)","4/1/23","4:24:44 PM","0:00:00"
"H&M","4/1/23","4:24:23 PM","0:00:29"
"Splitwise","4/1/23","4:24:09 PM","0:00:08"
"Notification posted (Splitwise)","4/1/23","4:23:55 PM","0:00:00"
"H&M","4/1/23","4:17:22 PM","0:06:47"
"H&M","4/1/23","4:17:09 PM","0:00:04"
"H&M","4/1/23","4:11:44 PM","0:05:23"
"App Usage","4/1/23","4:11:08 PM","0:00:25"
"Notification posted (Google Play services)","4/1/23","4:10:58 PM","0:00:00"
"Screen on (unlocked)","4/1/23","4:10:26 PM","0:00:00"
"Screen off","4/1/23","4:10:26 PM","0:00:00"
"Screen off (locked)","4/1/23","4:09:18 PM","0:01:08"
"Google Play Store","4/1/23","4:09:03 PM","0:00:01"
"Business Empire","4/1/23","4:03:40 PM","0:05:22"
"Google Play Store","4/1/23","4:03:36 PM","0:00:04"
"Business Empire","4/1/23","3:58:46 PM","0:04:50"
"Notification posted (Google)","4/1/23","3:58:01 PM","0:00:00"
"Business Empire","4/1/23","3:54:14 PM","0:04:31"
"Screen on (unlocked)","4/1/23","3:54:10 PM","0:00:00"
"Screen on (locked)","4/1/23","3:54:10 PM","0:00:01"
"Screen off (locked)","4/1/23","3:53:25 PM","0:00:45"
"Business Empire","4/1/23","3:49:41 PM","0:03:42"
"Google Play Store","4/1/23","3:49:34 PM","0:00:07"
"Business Empire","4/1/23","3:46:07 PM","0:03:28"
"Google Play Store","4/1/23","3:46:03 PM","0:00:04"
"Business Empire","4/1/23","3:43:46 PM","0:02:17"
"Screen on (unlocked)","4/1/23","3:43:46 PM","0:00:00"
"Screen off","4/1/23","3:43:46 PM","0:00:00"
"Screen off (locked)","4/1/23","3:43:34 PM","0:00:12"
"Business Empire","4/1/23","3:43:27 PM","0:00:07"
"Drive","4/1/23","3:34:29 PM","0:08:54"
"applocker","4/1/23","3:34:28 PM","0:00:01"
"File Manager","4/1/23","3:34:19 PM","0:00:06"
"applocker","4/1/23","3:34:17 PM","0:00:02"
"Screen on (unlocked)","4/1/23","3:31:25 PM","0:00:00"
"Screen off","4/1/23","3:31:24 PM","0:00:00"
"Screen off (locked)","4/1/23","3:30:53 PM","0:00:31"
"Notes","4/1/23","3:28:09 PM","0:02:43"
"Google","4/1/23","3:28:05 PM","0:00:01"
"Chrome","4/1/23","3:28:02 PM","0:00:01"
"Screen on (unlocked)","4/1/23","3:28:01 PM","0:00:00"
"Screen on (locked)","4/1/23","3:27:58 PM","0:00:03"
"Screen off","4/1/23","3:11:07 PM","0:16:51"
"Chrome","4/1/23","2:51:18 PM","0:19:49"
"Google","4/1/23","2:51:10 PM","0:00:08"
"Chrome","4/1/23","2:50:00 PM","0:01:11"
"Google","4/1/23","2:49:02 PM","0:00:58"
"YouTube Vanced","4/1/23","2:48:19 PM","0:00:43"
"Google","4/1/23","2:47:25 PM","0:00:53"
"Business Empire","4/1/23","2:46:01 PM","0:01:23"
"YouTube Vanced","4/1/23","2:43:35 PM","0:02:00"
"Business Empire","4/1/23","2:34:24 PM","0:09:09"
"YouTube Vanced","4/1/23","2:29:40 PM","0:02:23"
"Screen on (unlocked)","4/1/23","2:29:40 PM","0:00:00"
"Screen on (locked)","4/1/23","2:29:37 PM","0:00:03"
"Screen off","4/1/23","2:28:29 PM","0:01:08"
"Notification posted (Walmart)","4/1/23","2:02:51 PM","0:00:00"
"Notification posted (Google Play services)","4/1/23","2:02:30 PM","0:00:00"
"YouTube Vanced","4/1/23","1:44:49 PM","0:43:39"
"Notification posted (Google Play services)","4/1/23","1:42:32 PM","0:00:00"
"Business Empire","4/1/23","1:39:00 PM","0:05:46"
"Google Play Store","4/1/23","1:38:51 PM","0:00:08"
"Business Empire","4/1/23","1:37:23 PM","0:01:29"
"Google Play Store","4/1/23","1:37:15 PM","0:00:08"
"Business Empire","4/1/23","1:35:15 PM","0:02:00"
"Google Play Store","4/1/23","1:35:10 PM","0:00:05"
"Business Empire","4/1/23","1:32:09 PM","0:03:01"
"Screen on (unlocked)","4/1/23","1:31:17 PM","0:00:52"
"Screen on (locked)","4/1/23","1:31:13 PM","0:00:04"
"Screen off (locked)","4/1/23","1:30:31 PM","0:00:42"
"Screen on (locked)","4/1/23","1:30:30 PM","0:00:01"
"Notification posted (Calendar)","4/1/23","1:00:01 PM","0:00:00"
"Notification posted (Google)","4/1/23","12:58:01 PM","0:00:00"
"Screen off (locked)","4/1/23","12:57:12 PM","0:33:17"
"Business Empire","4/1/23","12:54:32 PM","0:02:40"
"Screen on (unlocked)","4/1/23","12:54:29 PM","0:00:00"
"Screen on (locked)","4/1/23","12:54:26 PM","0:00:03"
"Screen off (locked)","4/1/23","12:30:04 PM","0:24:21"
"Notification posted (Calendar)","4/1/23","12:30:01 PM","0:00:00"
"Screen on (locked)","4/1/23","12:29:56 PM","0:00:08"
"Screen off (locked)","4/1/23","11:53:28 AM","0:36:29"
"Business Empire","4/1/23","11:50:45 AM","0:02:41"
"Google Play Store","4/1/23","11:50:43 AM","0:00:01"
"Business Empire","4/1/23","11:48:42 AM","0:02:01"
"Google Play Store","4/1/23","11:48:13 AM","0:00:29"
"Business Empire","4/1/23","11:47:38 AM","0:00:35"
"Chrome","4/1/23","11:47:32 AM","0:00:05"
"Business Empire","4/1/23","11:44:30 AM","0:03:02"
"Business Empire","4/1/23","11:44:26 AM","0:00:03"
"Screen on (unlocked)","4/1/23","11:42:20 AM","0:00:00"
"Screen off","4/1/23","11:42:08 AM","0:00:12"
"Screen off (locked)","4/1/23","11:41:01 AM","0:01:06"
"Screen on (locked)","4/1/23","11:40:51 AM","0:00:11"
"Notification posted (Google)","4/1/23","11:10:09 AM","0:00:00"
"Notification posted (Google Play services)","4/1/23","10:33:07 AM","0:00:00"
"Notification posted (Google Play services)","4/1/23","9:28:36 AM","0:00:00"
"Notification posted (App Usage)","4/1/23","9:05:00 AM","0:00:00"
"Notification posted (Canvas Student)","4/1/23","9:02:12 AM","0:00:00"
"Notification posted (Canvas Student)","4/1/23","9:02:12 AM","0:00:00"
"Notification posted (Canvas Student)","4/1/23","9:02:12 AM","0:00:00"
"Notification posted (Canvas Student)","4/1/23","9:02:12 AM","0:00:00"
"Notification posted (Google Play Store)","4/1/23","8:10:04 AM","0:00:00"
"Notification posted (Google Play Store)","4/1/23","7:26:51 AM","0:00:00"
"Notification posted (Google Play services)","4/1/23","7:26:47 AM","0:00:00"
"Notification posted (Google Play services)","4/1/23","7:25:38 AM","0:00:00"
"Notification posted (Google Play Store)","4/1/23","7:25:34 AM","0:00:00"
"Notification posted (YouTube Vanced)","4/1/23","7:25:30 AM","0:00:00"
"Notification posted (Google Play Store)","4/1/23","7:07:35 AM","0:00:00"
"Notification posted (PUMA)","4/1/23","7:07:32 AM","0:00:00"
"Notification posted (Google Play Store)","4/1/23","5:37:27 AM","0:00:00"
"Notification posted (Google Play services)","4/1/23","5:37:25 AM","0:00:00"
"Notification posted (Google Play Store)","4/1/23","5:10:35 AM","0:00:00"
"Notification posted (Google Play Store)","4/1/23","5:10:03 AM","0:00:00"
"Notification posted (Google Play Store)","4/1/23","5:00:03 AM","0:00:00"
"Notification posted (App Usage)","4/1/23","5:00:00 AM","0:00:00"
"Notification posted (Google Play Store)","4/1/23","4:38:29 AM","0:00:00"
"Notification posted (Google Play services)","4/1/23","4:38:26 AM","0:00:00"
"Notification posted (Google Play services)","4/1/23","4:37:18 AM","0:00:00"
"Notification posted (Google Play Store)","4/1/23","4:34:03 AM","0:00:00"
"Notification posted (Google Play Store)","4/1/23","3:15:12 AM","0:00:00"
"Notification posted (Google Play services)","4/1/23","3:15:07 AM","0:00:00"
"Notification posted (Google Play Store)","4/1/23","2:13:59 AM","0:00:00"
"Notification posted (Google Play services)","4/1/23","2:13:56 AM","0:00:00"
"Notification posted (Google Play Store)","4/1/23","2:12:50 AM","0:00:00"
"Notification posted (Google Play services)","4/1/23","2:12:47 AM","0:00:00"
"Notification posted (Google Play Store)","4/1/23","2:10:04 AM","0:00:00"
"Notification posted (Paytm)","4/1/23","1:34:34 AM","0:00:00"
"Notification posted (Google Play services)","4/1/23","1:12:14 AM","0:00:00"
"Notification posted (Google Play Store)","4/1/23","1:12:08 AM","0:00:00"
"Notification posted (Netflix)","4/1/23","1:12:05 AM","0:00:00"
"Notification posted (Google Play Store)","4/1/23","12:58:06 AM","0:00:00"
"Notification posted (Netflix)","4/1/23","12:04:05 AM","0:00:00"
"Notification posted (Google Play Store)","4/1/23","12:03:23 AM","0:00:00"
"Notification posted (Google Play services)","4/1/23","12:03:21 AM","0:00:00"
"Notification posted (Google Play Store)","4/1/23","12:02:17 AM","0:00:00"
"Notification posted (Google Play services)","4/1/23","12:02:13 AM","0:00:00"
"Notification posted (Google Play Store)","4/1/23","12:00:03 AM","0:00:00"
"Notification posted (Paytm)","3/31/23","11:34:37 PM","0:00:00"
"Notification posted (Google Play Store)","3/31/23","11:10:04 PM","0:00:00"
"Notification posted (Google Play Store)","3/31/23","10:29:51 PM","0:00:00"
"Notification posted (Google Play Store)","3/31/23","10:29:44 PM","0:00:00"
"Notification posted (Google Play Store)","3/31/23","10:29:35 PM","0:00:00"
"Screen off (locked)","3/31/23","10:29:35 PM","13:11:16"
"Screen on (unlocked)","3/31/23","10:29:33 PM","0:00:00"
"Screen off","3/31/23","10:29:33 PM","0:00:00"
"Notification posted (Gmail)","3/31/23","10:06:31 PM","0:00:00"
"Notification posted (Gmail)","3/31/23","10:06:31 PM","0:00:00"
"Notification posted (Gmail)","3/31/23","10:06:30 PM","0:00:00"
"Notification posted (Gmail)","3/31/23","10:06:30 PM","0:00:00"
"Notification posted (Google Play Store)","3/31/23","10:06:20 PM","0:00:00"
"Notification posted (Google Play Store)","3/31/23","10:05:47 PM","0:00:00"
"Notification posted (Google Play Store)","3/31/23","10:05:35 PM","0:00:00"
"Notification posted (Google Play Store)","3/31/23","10:05:17 PM","0:00:00"
"Notification posted (Google Play Store)","3/31/23","10:04:48 PM","0:00:00"
"Screen off (locked)","3/31/23","10:04:47 PM","0:24:46"
"Screen on (locked)","3/31/23","10:04:35 PM","0:00:11"
"Notification posted (Google Play Store)","3/31/23","10:04:28 PM","0:00:00"
"Notification posted (Google Play Store)","3/31/23","10:03:44 PM","0:00:00"
"Notification posted (Calendar)","3/31/23","10:03:07 PM","0:00:00"
"Notification posted (Calendar)","3/31/23","10:03:07 PM","0:00:00"
"Notification posted (Google Play Store)","3/31/23","10:03:07 PM","0:00:00"
"Notification posted (Google Play Store)","3/31/23","10:02:48 PM","0:00:00"
"Notification posted (Google Play Store)","3/31/23","10:02:09 PM","0:00:00"
"Notification posted (Google Play Store)","3/31/23","10:01:54 PM","0:00:00"
"Notification posted (Google Play Store)","3/31/23","10:01:01 PM","0:00:00"
"Notification posted (Google Play services)","3/31/23","10:00:57 PM","0:00:00"
"Notification posted (Google)","3/31/23","9:57:59 PM","0:00:00"
"Screen off (locked)","3/31/23","9:45:21 PM","0:19:14"
"Screen on (locked)","3/31/23","9:45:09 PM","0:00:12"
"Screen off (locked)","3/31/23","9:44:18 PM","0:00:51"
"Screen on (locked)","3/31/23","9:44:06 PM","0:00:12"
"Screen off (locked)","3/31/23","9:44:01 PM","0:00:05"
"Screen on (locked)","3/31/23","9:43:40 PM","0:00:22"
"Screen off (locked)","3/31/23","9:43:38 PM","0:00:01"
"Notification posted (Splitwise)","3/31/23","9:42:39 PM","0:00:00"
"Notification posted (System UI)","3/31/23","9:42:13 PM","0:00:00"
"Notification posted (Google Play services)","3/31/23","9:39:00 PM","0:00:00"
"Notification posted (Google Play services)","3/31/23","9:37:47 PM","0:00:00"
"Notification posted (Google Play services)","3/31/23","9:37:46 PM","0:00:00"
"Notification posted (Google Play services)","3/31/23","9:37:34 PM","0:00:00"
"Device boot","3/31/23","9:36:24 PM","0:07:12"
"Notification posted (Gmail)","3/31/23","9:36:17 PM","0:00:00"
"Notification posted (Gmail)","3/31/23","9:36:17 PM","0:00:00"
"Notification posted (Google Play Store)","3/31/23","9:36:16 PM","0:00:00"
"Notification posted (Gmail)","3/31/23","9:36:15 PM","0:00:00"
"Notification posted (Gmail)","3/31/23","9:36:15 PM","0:00:00"
"Notification posted (Google Play Store)","3/31/23","9:36:12 PM","0:00:00"
"Notification posted (Calendar)","3/31/23","9:36:11 PM","0:00:00"
"Notification posted (Calendar)","3/31/23","9:36:11 PM","0:00:00"
"Notification posted (Phone Services)","3/31/23","9:36:02 PM","0:00:00"
"Business Empire","3/31/23","9:35:53 PM","0:00:01"
"Notification posted (App Usage)","3/31/23","9:35:36 PM","0:00:00"
"Device shutdown","3/31/23","9:32:14 PM","0:03:19"
"Screen on (locked)","3/31/23","9:32:11 PM","0:00:04"
"Notification posted (Meet)","3/31/23","9:32:07 PM","0:00:00"
"Notification posted (Upstox)","3/31/23","9:32:06 PM","0:00:00"
"Screen off (locked)","3/31/23","9:31:25 PM","0:00:46"
"Screen on (locked)","3/31/23","9:31:15 PM","0:00:10"
"Notification posted (Google Play services)","3/31/23","1:09:38 PM","0:00:00"
"Notification posted (Calendar)","3/31/23","10:30:01 AM","0:00:00"
"Notification posted (Calendar)","3/31/23","8:00:01 AM","0:00:00"
"Notification posted (Prime Video)","3/31/23","7:42:45 AM","0:00:00"
"Notification posted (Calendar)","3/31/23","7:42:43 AM","0:00:00"
"Notification posted (Upstox)","3/31/23","7:42:37 AM","0:00:00"
"Screen off (locked)","3/31/23","7:42:36 AM","13:48:39"
"Screen on (locked)","3/31/23","7:42:30 AM","0:00:06"
"Notification posted (Walmart)","3/31/23","7:42:26 AM","0:00:00"
"Notification posted (Spotify)","3/31/23","7:42:22 AM","0:00:00"
"Notification posted (Udemy)","3/31/23","7:42:21 AM","0:00:00"
"Notification posted (Permission controller)","3/31/23","7:42:15 AM","0:00:00"
"Notification posted (Paytm)","3/31/23","7:42:11 AM","0:00:00"
"Notification posted (Airtel)","3/31/23","7:42:11 AM","0:00:00"
"Notification posted (Paytm)","3/31/23","7:42:03 AM","0:00:00"
"Notification posted (Calendar)","3/30/23","11:30:01 PM","0:00:00"
"Notification posted (Calendar)","3/30/23","11:30:01 PM","0:00:00"
"Notification posted (System UI)","3/30/23","9:19:26 PM","0:00:00"
"Notification posted (Google Play services)","3/30/23","10:36:31 AM","0:00:00"
"Notification posted (Calendar)","3/30/23","8:00:01 AM","0:00:00"
"Notification posted (Google Play services)","3/29/23","4:54:37 PM","0:00:00"
"Notification posted (Google Play services)","3/29/23","4:54:32 PM","0:00:00"
"Notification posted (Google Play services)","3/29/23","4:54:30 PM","0:00:00"
"Notification posted (Google Play services)","3/29/23","4:54:24 PM","0:00:00"
"Notification posted (Gmail)","3/29/23","4:53:44 PM","0:00:00"
"Notification posted (Gmail)","3/29/23","4:53:44 PM","0:00:00"
"Notification posted (Gmail)","3/29/23","4:53:40 PM","0:00:00"
"Notification posted (GPay)","3/29/23","4:53:39 PM","0:00:00"
"Notification posted (Photos)","3/29/23","4:53:35 PM","0:00:00"
"Notification posted (Netflix)","3/29/23","4:53:33 PM","0:00:00"
"Screen off (locked)","3/29/23","4:53:27 PM","38:49:03"
"Notification posted (PUMA)","3/29/23","4:53:19 PM","0:00:00"
"Notification posted (Upstox)","3/29/23","4:53:18 PM","0:00:00"
"Notification posted (Upstox)","3/29/23","4:53:18 PM","0:00:00"
"Screen on (locked)","3/29/23","4:53:17 PM","0:00:10"
"Notification posted (Google Play services)","3/29/23","4:53:16 PM","0:00:00"
"Notification posted (Walmart)","3/29/23","4:53:16 PM","0:00:00"
"Notification posted (Google Play services)","3/29/23","10:16:09 AM","0:00:00"
"Notification posted (App Usage)","3/29/23","9:00:52 AM","0:00:00"
"Notification posted (App Usage)","3/29/23","5:12:40 AM","0:00:00"
"Notification posted (Calendar)","3/29/23","4:30:01 AM","0:00:00"
"Notification posted (Calendar)","3/29/23","1:00:01 AM","0:00:00"
"Notification posted (Gmail)","3/28/23","11:45:01 PM","0:00:00"
"Notification posted (Upstox)","3/28/23","11:44:55 PM","0:00:00"
"Notification posted (Google Play services)","3/28/23","10:53:52 PM","0:00:00"
"Screen off (locked)","3/28/23","10:17:56 PM","18:35:22"
"Business Empire","3/28/23","10:14:08 PM","0:03:48"
"Google Play Store","3/28/23","10:14:06 PM","0:00:02"
"Business Empire","3/28/23","10:12:33 PM","0:01:33"
"Google Play Store","3/28/23","10:12:31 PM","0:00:02"
"Notification posted (Google Play services)","3/28/23","10:11:59 PM","0:00:00"
"Notification posted (YouTube Vanced)","3/28/23","10:11:00 PM","0:00:00"
"Business Empire","3/28/23","10:10:58 PM","0:01:33"
"Screen on (unlocked)","3/28/23","10:10:49 PM","0:00:00"
"Screen on (locked)","3/28/23","10:10:48 PM","0:00:01"
"Notification posted (Calendar)","3/28/23","9:30:01 PM","0:00:00"
"Notification posted (Google Play services)","3/28/23","9:12:01 PM","0:00:00"
"Notification posted (Upstox)","3/28/23","9:04:58 PM","0:00:00"
"Notification posted (Upstox)","3/28/23","9:04:58 PM","0:00:00"
"Notification posted (Splitwise)","3/28/23","9:04:57 PM","0:00:00"
"Notification posted (Paytm)","3/28/23","9:04:54 PM","0:00:00"
"Notification posted (YouTube Vanced)","3/28/23","9:01:52 PM","0:00:00"
"Notification posted (Calendar)","3/28/23","9:00:02 PM","0:00:00"
"Screen off (locked)","3/28/23","5:04:12 PM","5:06:35"
"Screen on (unlocked)","3/28/23","5:04:10 PM","0:00:02"
"Notification posted (Google Play services)","3/28/23","5:04:10 PM","0:00:00"
"Screen on (locked)","3/28/23","5:04:09 PM","0:00:01"
"Screen off (locked)","3/28/23","2:26:47 PM","2:37:22"
"Screen on (locked)","3/28/23","2:26:41 PM","0:00:06"
"Screen off (locked)","3/28/23","2:24:07 PM","0:02:34"
"Business Empire","3/28/23","2:22:47 PM","0:01:17"
"Google Play Store","3/28/23","2:22:41 PM","0:00:06"
"Business Empire","3/28/23","2:12:39 PM","0:10:02"
"Notification posted (Google)","3/28/23","2:12:37 PM","0:00:00"
"Screen on (unlocked)","3/28/23","2:12:36 PM","0:00:00"
"Screen on (locked)","3/28/23","2:12:34 PM","0:00:01"
"Screen off (locked)","3/28/23","2:00:38 PM","0:11:56"
"Screen on (locked)","3/28/23","2:00:33 PM","0:00:05"
"Screen off (locked)","3/28/23","1:26:51 PM","0:33:43"
"Notification posted (Gmail)","3/28/23","1:25:44 PM","0:00:00"
"Spotify","3/28/23","1:23:01 PM","0:00:42"
"Business Empire","3/28/23","1:21:24 PM","0:01:36"
"Chrome","3/28/23","1:21:18 PM","0:00:05"
"Business Empire","3/28/23","1:17:48 PM","0:03:30"
"Screen on (unlocked)","3/28/23","1:17:43 PM","0:00:00"
"Screen on (locked)","3/28/23","1:17:38 PM","0:00:04"
"Screen off (locked)","3/28/23","12:49:18 PM","0:28:21"
"Spotify","3/28/23","12:49:04 PM","0:00:13"
"Screen on (unlocked)","3/28/23","12:49:02 PM","0:00:01"
"Screen on (locked)","3/28/23","12:48:47 PM","0:00:15"
"Screen off (locked)","3/28/23","12:43:55 PM","0:04:52"
"Spotify","3/28/23","12:43:08 PM","0:00:11"
"Spotify","3/28/23","12:42:56 PM","0:00:03"
"Weather","3/28/23","12:42:45 PM","0:00:10"
"Screen on (unlocked)","3/28/23","12:42:40 PM","0:00:00"
"Screen on (locked)","3/28/23","12:42:38 PM","0:00:02"
"Screen off (locked)","3/28/23","12:41:07 PM","0:01:30"
"Screen on (locked)","3/28/23","12:40:56 PM","0:00:11"
"Screen off (locked)","3/28/23","12:39:14 PM","0:01:42"
"Notification posted (Spotify)","3/28/23","12:39:10 PM","0:00:00"
"Spotify","3/28/23","12:39:08 PM","0:00:06"
"Screen on (unlocked)","3/28/23","12:39:04 PM","0:00:00"
"Screen on (locked)","3/28/23","12:39:00 PM","0:00:03"
"Screen off (locked)","3/28/23","12:31:41 PM","0:07:19"
"Screen on (locked)","3/28/23","12:31:40 PM","0:00:01"
"Screen off","3/28/23","12:24:34 PM","0:07:06"
"Notification posted (Google)","3/28/23","12:21:55 PM","0:00:00"
"Notification posted (Spotify)","3/28/23","12:14:29 PM","0:00:00"
"Notification posted (Google Play Store)","3/28/23","12:14:27 PM","0:00:00"
"Spotify","3/28/23","12:14:25 PM","0:00:09"
"Maps","3/28/23","12:13:09 PM","0:00:01"
"Spotify","3/28/23","12:12:37 PM","0:00:31"
"Spotify","3/28/23","12:12:29 PM","0:00:05"
"Maps","3/28/23","12:09:44 PM","0:02:26"
"Screen on (unlocked)","3/28/23","12:09:38 PM","0:00:00"
"Screen on (locked)","3/28/23","12:09:35 PM","0:00:04"
"Screen off (locked)","3/28/23","12:07:33 PM","0:02:02"
"Screen on (locked)","3/28/23","12:07:27 PM","0:00:06"
"Screen off (locked)","3/28/23","11:53:39 AM","0:13:47"
"Spotify","3/28/23","11:52:12 AM","0:00:06"
"Notification posted (Spotify)","3/28/23","11:51:07 AM","0:00:00"
"Notification posted (Spotify)","3/28/23","11:51:04 AM","0:00:00"
"Notification posted (Gmail)","3/28/23","11:51:02 AM","0:00:00"
"Notification posted (Gmail)","3/28/23","11:51:02 AM","0:00:00"
"Notification posted (Gmail)","3/28/23","11:50:59 AM","0:00:00"
"Spotify","3/28/23","11:50:56 AM","0:00:45"
"Screen on (unlocked)","3/28/23","11:50:54 AM","0:00:01"
"Screen on (locked)","3/28/23","11:50:50 AM","0:00:03"
"Screen off","3/28/23","10:58:42 AM","0:52:08"
"Notification posted (Gmail)","3/28/23","10:50:43 AM","0:00:00"
"Notification posted (Google Play services)","3/28/23","10:49:37 AM","0:00:00"
"Notification posted (Google Play services)","3/28/23","10:49:36 AM","0:00:00"
"Notification posted (Google Play services)","3/28/23","10:49:35 AM","0:00:00"
"Notification posted (Google Play services)","3/28/23","10:49:22 AM","0:00:00"
"Notification posted (Calendar)","3/28/23","10:49:16 AM","0:00:00"
"Notification posted (Google)","3/28/23","10:48:54 AM","0:00:00"
"Notification posted (Udemy)","3/28/23","10:48:46 AM","0:00:00"
"Notification posted (Gmail)","3/28/23","10:48:42 AM","0:00:00"
"Notification posted (Gmail)","3/28/23","10:48:42 AM","0:00:00"
"Notification posted (Walmart)","3/28/23","10:48:37 AM","0:00:00"
"Notification posted (Airtel)","3/28/23","10:48:34 AM","0:00:00"
"Screen on (unlocked)","3/28/23","10:48:31 AM","0:00:00"
"Screen off","3/28/23","10:48:30 AM","0:00:00"
"Notification posted (Calendar)","3/28/23","8:50:01 AM","0:00:00"
"Notification posted (Calendar)","3/28/23","8:00:01 AM","0:00:00"
"Notification posted (App Usage)","3/28/23","7:52:56 AM","0:00:00"
"Notification posted (Calendar)","3/27/23","10:30:01 PM","0:00:00"
"Notification posted (Google Play services)","3/27/23","9:53:36 PM","0:00:00"
"Notification posted (Prime Video)","3/27/23","9:46:45 PM","0:00:00"
"Notification posted (Upstox)","3/27/23","9:46:33 PM","0:00:00"
"Notification posted (Upstox)","3/27/23","9:46:33 PM","0:00:00"
"Notification posted (Calendar)","3/27/23","7:00:01 PM","0:00:00"
"Notification posted (Google)","3/27/23","6:48:52 PM","0:00:00"
"Screen off (locked)","3/27/23","5:20:45 PM","17:27:45"
"Notification posted (Google Play services)","3/27/23","5:09:08 PM","0:00:00"
"Notification posted (Google Play services)","3/27/23","5:09:05 PM","0:00:00"
"YouTube Vanced","3/27/23","5:08:58 PM","0:11:44"
"App Usage","3/27/23","5:07:07 PM","0:01:46"
"Permission controller","3/27/23","5:07:04 PM","0:00:04"
"App Usage","3/27/23","5:07:02 PM","0:00:01"
"Permission controller","3/27/23","5:07:01 PM","0:00:01"
"App Usage","3/27/23","5:06:39 PM","0:00:22"
"Notification posted (App Usage)","3/27/23","5:06:32 PM","0:00:00"
"Notification history enabled","3/27/23","5:06:31 PM","0:00:00"
"App Usage","3/27/23","5:05:34 PM","0:00:58"
"App Usage","3/27/23","5:04:09 PM","0:00:59"
"Activity history enabled","3/27/23","5:04:09 PM","0:00:00"
"App Usage","3/27/23","5:03:58 PM","0:00:00"
"App Usage","3/27/23","5:03:56 PM","0:00:01"
"App Usage","3/27/23","5:03:30 PM","0:00:08"
"Google Play Store","3/27/23","5:03:21 PM","0:00:09"
"Notification posted (Google)","3/27/23","5:03:15 PM","0:00:00"
"Chrome","3/27/23","5:03:11 PM","0:00:05"
"Screen on (unlocked)","3/27/23","5:03:11 PM","0:00:01"
"Notification posted (Walmart)","3/27/23","3:15:33 PM","0:00:00"
"Screen off (locked)","3/27/23","10:35:08 AM","6:28:02"
"Notification posted (Drive)","3/27/23","10:31:25 AM","0:00:00"
"Notification posted (GPay)","3/27/23","10:31:19 AM","0:00:00"
"Notification posted (GPay)","3/27/23","10:31:18 AM","0:00:00"
"Notification posted (GPay)","3/27/23","10:31:18 AM","0:00:00"
"Notification posted (Gmail)","3/27/23","10:25:26 AM","0:00:00"
"Notification posted (Gmail)","3/27/23","10:25:26 AM","0:00:00"
"Notification posted (Gmail)","3/27/23","10:25:26 AM","0:00:00"
"Notification posted (Gmail)","3/27/23","10:25:26 AM","0:00:00"
"Notification posted (Gmail)","3/27/23","10:25:26 AM","0:00:00"
"Notification posted (Gmail)","3/27/23","10:25:26 AM","0:00:00"
"Notification posted (Gmail)","3/27/23","10:25:26 AM","0:00:00"
"Notification posted (Gmail)","3/27/23","10:25:26 AM","0:00:00"
"Chrome","3/27/23","10:25:03 AM","0:10:06"
"Gmail","3/27/23","10:25:01 AM","0:00:01"
"Chrome","3/27/23","10:24:24 AM","0:00:37"
"Gmail","3/27/23","10:24:17 AM","0:00:06"
"applocker","3/27/23","10:24:14 AM","0:00:03"
"Screen on (unlocked)","3/27/23","10:24:13 AM","0:00:01"
"Screen off (locked)","3/27/23","10:24:13 AM","0:00:00"
"Screen on (unlocked)","3/27/23","10:24:11 AM","0:00:01"
"Screen off (locked)","3/27/23","10:21:23 AM","0:02:48"
"Screen on (unlocked)","3/27/23","10:21:22 AM","0:00:01"
"Screen off (locked)","3/27/23","10:21:16 AM","0:00:07"
"Screen on (unlocked)","3/27/23","10:21:15 AM","0:00:01"
"Screen off (locked)","3/27/23","10:20:48 AM","0:00:27"
"Screen on (unlocked)","3/27/23","10:20:45 AM","0:00:01"
"Screen off (locked)","3/27/23","10:20:45 AM","0:00:01"
"Screen on (unlocked)","3/27/23","10:20:42 AM","0:00:01"
"Screen off (locked)","3/27/23","9:57:39 AM","0:23:03"
"Screen on (unlocked)","3/27/23","9:57:16 AM","0:00:01"
"Notification posted (Google Play Store)","3/27/23","9:56:33 AM","0:00:00"
"Screen off (locked)","3/27/23","9:22:16 AM","0:35:01"
"Notification posted (Canvas Student)","3/27/23","9:12:35 AM","0:00:00"
"Notification posted (Canvas Student)","3/27/23","9:12:35 AM","0:00:00"
"Notification posted (Canvas Student)","3/27/23","9:12:35 AM","0:00:00"
"Notification posted (Canvas Student)","3/27/23","9:12:35 AM","0:00:00"
"Notification posted (Canvas Student)","3/27/23","9:12:35 AM","0:00:00"
"Notification posted (Canvas Student)","3/27/23","9:12:35 AM","0:00:00"
"Notification posted (Canvas Student)","3/27/23","9:12:34 AM","0:00:00"
"Notification posted (Canvas Student)","3/27/23","9:12:34 AM","0:00:00"
"Notification posted (Canvas Student)","3/27/23","9:12:34 AM","0:00:00"
"Notification posted (Canvas Student)","3/27/23","9:12:34 AM","0:00:00"
"Notification posted (Canvas Student)","3/27/23","9:12:34 AM","0:00:00"
"Notification posted (Canvas Student)","3/27/23","9:12:34 AM","0:00:00"
"Notification posted (Canvas Student)","3/27/23","9:12:34 AM","0:00:00"
"Notification posted (Canvas Student)","3/27/23","9:12:34 AM","0:00:00"
"Notification posted (Canvas Student)","3/27/23","9:12:34 AM","0:00:00"
"Notification posted (Canvas Student)","3/27/23","9:12:34 AM","0:00:00"
"Notification posted (Canvas Student)","3/27/23","9:12:34 AM","0:00:00"
"Notification posted (Canvas Student)","3/27/23","9:12:34 AM","0:00:00"
"Notification posted (Canvas Student)","3/27/23","9:12:34 AM","0:00:00"
"Notification posted (Canvas Student)","3/27/23","9:12:34 AM","0:00:00"
"Notification posted (Canvas Student)","3/27/23","9:12:34 AM","0:00:00"
"Google Play Store","3/27/23","9:11:51 AM","0:10:24"
"Screen on (unlocked)","3/27/23","9:11:49 AM","0:00:01"
"Screen off (locked)","3/27/23","9:10:00 AM","0:01:49"
"Screen on (unlocked)","3/27/23","9:09:18 AM","0:00:01"
"Screen off (locked)","3/23/23","5:51:09 AM","99:18:10"
""
"Activity history, April 6, 2023 - March 26, 2023"
"Created by App Usage on Thursday, April 6, 2023, 9:04 AM"
