App name,Date,Time,Duration,Duration_Seconds
App Usage,4/5/23,9:44:22 PM,0:00:01,1
Gmail,4/5/23,9:44:18 PM,0:00:04,4
App Usage,4/5/23,9:44:12 PM,0:00:05,5
Finder,4/5/23,9:44:09 PM,0:00:02,2
Screen on (unlocked),4/5/23,9:44:05 PM,0:00:00,0
Screen on (locked),4/5/23,9:44:03 PM,0:00:02,2
Screen off (locked),4/5/23,9:33:06 PM,0:10:57,657
Screen on (locked),4/5/23,9:33:03 PM,0:00:04,4
Screen off (locked),4/5/23,9:28:30 PM,0:04:33,273
Reddit,4/5/23,9:24:37 PM,0:01:58,118
Call,4/5/23,9:24:30 PM,0:00:07,7
Phone,4/5/23,9:24:28 PM,0:00:02,2
Screen on (unlocked),4/5/23,9:24:28 PM,0:00:00,0
Screen on (locked),4/5/23,9:24:24 PM,0:00:03,3
Screen off (locked),4/5/23,8:36:10 PM,0:48:14,2894
Screen on (locked),4/5/23,8:36:03 PM,0:00:08,8
Screen off,4/5/23,8:24:41 PM,0:11:22,682
App Usage,4/5/23,8:22:41 PM,0:02:00,120
Gmail,4/5/23,8:22:35 PM,0:00:06,6
App Usage,4/5/23,8:22:13 PM,0:00:18,18
Gmail,4/5/23,8:22:09 PM,0:00:04,4
App Usage,4/5/23,8:21:52 PM,0:00:15,15
Gmail,4/5/23,8:21:33 PM,0:00:19,19
App Usage,4/5/23,8:21:19 PM,0:00:13,13
Gmail,4/5/23,8:21:09 PM,0:00:10,10
App Usage,4/5/23,8:20:03 PM,0:01:03,63
Reddit,4/5/23,8:19:59 PM,0:00:01,1
Screen on (unlocked),4/5/23,8:19:59 PM,0:00:00,0
Screen on (locked),4/5/23,8:19:57 PM,0:00:02,2
Screen off,4/5/23,8:14:09 PM,0:05:48,348
Reddit,4/5/23,8:11:51 PM,0:02:18,138
Screen on (unlocked),4/5/23,8:11:51 PM,0:00:00,0
Screen on (locked),4/5/23,8:11:49 PM,0:00:01,1
Screen off,4/5/23,7:58:35 PM,0:13:14,794
Reddit,4/5/23,7:55:54 PM,0:02:41,161
Screen on (unlocked),4/5/23,7:55:54 PM,0:00:01,1
Screen on (locked),4/5/23,7:55:52 PM,0:00:02,2
Screen off,4/5/23,7:36:49 PM,0:19:03,1143
Reddit,4/5/23,7:34:35 PM,0:02:15,135
Screen on (unlocked),4/5/23,7:34:34 PM,0:00:00,0
Screen on (locked),4/5/23,7:34:32 PM,0:00:02,2
Screen off (locked),4/5/23,7:34:29 PM,0:00:03,3
Screen on (locked),4/5/23,7:34:29 PM,0:00:01,1
Screen off,4/5/23,7:29:41 PM,0:04:48,288
Reddit,4/5/23,7:27:29 PM,0:02:12,132
Screen on (unlocked),4/5/23,7:27:28 PM,0:00:00,0
Screen on (locked),4/5/23,7:27:26 PM,0:00:02,2
Screen off (locked),4/5/23,7:14:35 PM,0:12:50,770
Reddit,4/5/23,7:14:21 PM,0:00:15,15
Screen on (unlocked),4/5/23,7:14:21 PM,0:00:00,0
Screen on (locked),4/5/23,7:14:18 PM,0:00:03,3
Screen off,4/5/23,6:56:58 PM,0:17:20,1040
Reddit,4/5/23,6:54:49 PM,0:02:09,129
Discord,4/5/23,6:54:44 PM,0:00:05,5
Reddit,4/5/23,6:53:21 PM,0:01:22,82
Discord,4/5/23,6:53:16 PM,0:00:04,4
Screen on (unlocked),4/5/23,6:53:15 PM,0:00:00,0
Screen on (locked),4/5/23,6:53:15 PM,0:00:01,1
Screen off (locked),4/5/23,6:52:06 PM,0:01:09,69
Discord,4/5/23,6:52:00 PM,0:00:06,6
App Usage,4/5/23,6:51:58 PM,0:00:01,1
Screen on (unlocked),4/5/23,6:51:57 PM,0:00:01,1
Screen on (locked),4/5/23,6:51:53 PM,0:00:04,4
Screen off,4/5/23,6:33:31 PM,0:18:22,1102
Screen on (unlocked),4/5/23,6:30:56 PM,0:02:35,155
App Usage,4/5/23,6:30:56 PM,0:00:00,0
Screen on (locked),4/5/23,6:30:54 PM,0:00:01,1
Screen off,4/5/23,5:58:15 PM,0:32:39,1959
App Usage,4/5/23,5:56:15 PM,0:02:00,120
Gmail,4/5/23,5:55:57 PM,0:00:18,18
App Usage,4/5/23,5:55:15 PM,0:00:31,31
App Usage,4/5/23,5:54:23 PM,0:00:36,36
Finder,4/5/23,5:53:18 PM,0:01:03,63
Phone,4/5/23,5:53:12 PM,0:00:01,1
Screen on (unlocked),4/5/23,5:53:12 PM,0:00:01,1
Screen on (locked),4/5/23,5:53:11 PM,0:00:00,0
Screen off (locked),4/5/23,5:53:11 PM,0:00:01,1
Screen on (locked),4/5/23,5:40:55 PM,0:12:15,735
Screen off (locked),4/5/23,5:33:13 PM,0:07:42,462
Call,4/5/23,5:29:17 PM,0:03:56,236
Phone,4/5/23,5:29:14 PM,0:00:04,4
Screen on (unlocked),4/5/23,5:29:12 PM,0:00:01,1
Screen on (locked),4/5/23,5:29:11 PM,0:00:02,2
Screen off (locked),4/5/23,5:27:24 PM,0:01:46,106
Reddit,4/5/23,5:27:11 PM,0:00:13,13
YouTube,4/5/23,5:27:09 PM,0:00:01,1
Discord,4/5/23,5:27:05 PM,0:00:03,3
Screen on (unlocked),4/5/23,5:27:05 PM,0:00:00,0
Screen on (locked),4/5/23,5:27:03 PM,0:00:02,2
Screen off (locked),4/5/23,5:15:17 PM,0:11:46,706
Discord,4/5/23,5:13:57 PM,0:01:20,80
Teams,4/5/23,5:13:53 PM,0:00:04,4
Screen on (unlocked),4/5/23,5:13:52 PM,0:00:01,1
Screen on (locked),4/5/23,5:13:44 PM,0:00:09,9
Screen off (locked),4/5/23,4:19:38 PM,0:54:05,3245
Screen on (unlocked),4/5/23,4:19:23 PM,0:00:15,15
Teams,4/5/23,4:19:23 PM,0:00:00,0
Screen on (locked),4/5/23,4:19:18 PM,0:00:06,6
Screen off (locked),4/5/23,3:46:19 PM,0:32:58,1978
Screen on (locked),4/5/23,3:46:01 PM,0:00:18,18
Screen off (locked),4/5/23,3:43:10 PM,0:02:51,171
Screen on (locked),4/5/23,3:42:58 PM,0:00:12,12
Screen off (locked),4/5/23,3:41:35 PM,0:01:24,84
Screen on (locked),4/5/23,3:41:31 PM,0:00:04,4
Screen off (locked),4/5/23,3:40:43 PM,0:00:48,48
Screen on (locked),4/5/23,3:40:37 PM,0:00:06,6
Screen off (locked),4/5/23,3:36:33 PM,0:04:04,244
Screen on (locked),4/5/23,3:36:20 PM,0:00:13,13
Screen off (locked),4/5/23,3:33:25 PM,0:02:55,175
Screen on (locked),4/5/23,3:33:06 PM,0:00:18,18
Screen off (locked),4/5/23,3:32:11 PM,0:00:56,56
Screen on (locked),4/5/23,3:32:04 PM,0:00:06,6
Screen off (locked),4/5/23,3:31:22 PM,0:00:42,42
Screen on (locked),4/5/23,3:31:15 PM,0:00:07,7
Screen off (locked),4/5/23,3:31:10 PM,0:00:05,5
Screen on (locked),4/5/23,3:31:04 PM,0:00:06,6
Screen off (locked),4/5/23,3:30:36 PM,0:00:28,28
Screen on (locked),4/5/23,3:30:25 PM,0:00:11,11
Screen off (locked),4/5/23,3:30:14 PM,0:00:11,11
Screen on (locked),4/5/23,3:30:02 PM,0:00:12,12
Screen off (locked),4/5/23,3:29:20 PM,0:00:42,42
Clock,4/5/23,3:28:52 PM,0:00:20,20
Screen on (unlocked),4/5/23,3:28:52 PM,0:00:00,0
Screen on (locked),4/5/23,3:28:47 PM,0:00:05,5
Screen off (locked),4/5/23,2:56:39 PM,0:32:07,1927
Clock,4/5/23,2:56:24 PM,0:00:15,15
Screen on (unlocked),4/5/23,2:56:24 PM,0:00:00,0
Screen on (locked),4/5/23,2:56:22 PM,0:00:02,2
Screen off (locked),4/5/23,2:44:02 PM,0:12:20,740
Clock,4/5/23,2:43:59 PM,0:00:03,3
Clock,4/5/23,2:43:36 PM,0:00:23,23
Screen on (unlocked),4/5/23,2:43:36 PM,0:00:01,1
Screen on (locked),4/5/23,2:43:33 PM,0:00:03,3
Screen off (locked),4/5/23,2:15:26 PM,0:28:06,1686
Clock,4/5/23,2:15:17 PM,0:00:10,10
Reddit,4/5/23,2:15:14 PM,0:00:01,1
Screen on (unlocked),4/5/23,2:15:14 PM,0:00:00,0
Screen on (locked),4/5/23,2:15:12 PM,0:00:02,2
Screen off (locked),4/5/23,12:06:06 PM,2:09:06,7746
Screen on (locked),4/5/23,12:06:04 PM,0:00:02,2
Screen off (locked),4/5/23,11:57:43 AM,0:08:21,501
Reddit,4/5/23,11:57:31 AM,0:00:12,12
Screen on (unlocked),4/5/23,11:57:30 AM,0:00:01,1
Screen on (locked),4/5/23,11:57:28 AM,0:00:02,2
Screen off (locked),4/5/23,11:56:47 AM,0:00:41,41
Reddit,4/5/23,11:56:42 AM,0:00:05,5
Discord,4/5/23,11:56:33 AM,0:00:08,8
Screen on (unlocked),4/5/23,11:56:31 AM,0:00:00,0
Screen on (locked),4/5/23,11:56:28 AM,0:00:03,3
Screen off (locked),4/5/23,11:55:38 AM,0:00:51,51
Discord,4/5/23,11:54:41 AM,0:00:56,56
Reddit,4/5/23,11:54:37 AM,0:00:04,4
Screen on (unlocked),4/5/23,11:54:36 AM,0:00:01,1
Screen on (locked),4/5/23,11:54:34 AM,0:00:02,2
Screen off (locked),4/5/23,11:49:00 AM,0:05:34,334
Screen on (locked),4/5/23,11:48:51 AM,0:00:08,8
Screen off (locked),4/5/23,11:45:46 AM,0:03:05,185
Reddit,4/5/23,11:42:36 AM,0:03:10,190
Screen on (unlocked),4/5/23,11:42:36 AM,0:00:00,0
Screen on (locked),4/5/23,11:42:34 AM,0:00:02,2
Screen off (locked),4/5/23,11:41:01 AM,0:01:33,93
Reddit,4/5/23,11:40:34 AM,0:00:27,27
Screen on (unlocked),4/5/23,11:40:34 AM,0:00:00,0
Screen on (locked),4/5/23,11:40:30 AM,0:00:04,4
Screen off (locked),4/5/23,11:36:59 AM,0:03:31,211
Screen on (locked),4/5/23,11:36:58 AM,0:00:02,2
Screen off (locked),4/5/23,11:35:39 AM,0:01:18,78
Screen on (locked),4/5/23,11:35:27 AM,0:00:13,13
Screen off (locked),4/5/23,11:17:55 AM,0:17:31,1051
Reddit,4/5/23,11:17:21 AM,0:00:34,34
Chrome,4/5/23,11:17:20 AM,0:00:01,1
Discord,4/5/23,11:17:19 AM,0:00:01,1
Chrome,4/5/23,11:16:56 AM,0:00:22,22
Screen on (unlocked),4/5/23,11:16:54 AM,0:00:02,2
Screen on (locked),4/5/23,11:16:49 AM,0:00:05,5
Screen off (locked),4/5/23,11:16:30 AM,0:00:19,19
Chrome,4/5/23,11:16:19 AM,0:00:11,11
Reddit,4/5/23,11:15:41 AM,0:00:39,39
Chrome,4/5/23,11:15:40 AM,0:00:01,1
Discord,4/5/23,11:15:39 AM,0:00:01,1
Chrome,4/5/23,11:12:55 AM,0:02:44,164
Reddit,4/5/23,11:12:03 AM,0:00:51,51
Screen on (unlocked),4/5/23,11:12:03 AM,0:00:00,0
Screen on (locked),4/5/23,11:11:58 AM,0:00:05,5
Screen off (locked),4/5/23,10:19:33 AM,0:52:24,3144
Reddit,4/5/23,10:19:20 AM,0:00:14,14
Discord,4/5/23,10:18:33 AM,0:00:46,46
Reddit,4/5/23,10:18:25 AM,0:00:08,8
Discord,4/5/23,10:17:41 AM,0:00:44,44
YouTube,4/5/23,10:17:10 AM,0:00:30,30
Screen on (unlocked),4/5/23,10:16:46 AM,0:00:25,25
Discord,4/5/23,10:16:46 AM,0:00:00,0
Screen on (locked),4/5/23,10:16:43 AM,0:00:03,3
Screen off (locked),4/5/23,9:53:18 AM,0:23:25,1405
Screen on (locked),4/5/23,9:53:17 AM,0:00:01,1
Screen off (locked),4/5/23,9:52:17 AM,0:01:00,60
Screen on (locked),4/5/23,9:52:08 AM,0:00:10,10
Screen off (locked),4/5/23,9:52:01 AM,0:00:06,6
Reddit,4/5/23,9:51:05 AM,0:00:56,56
Chrome,4/5/23,9:50:53 AM,0:00:12,12
Chrome,4/5/23,9:50:43 AM,0:00:09,9
Reddit,4/5/23,9:50:30 AM,0:00:13,13
Chrome,4/5/23,9:50:18 AM,0:00:12,12
Reddit,4/5/23,9:49:25 AM,0:00:53,53
Screen on (unlocked),4/5/23,9:49:25 AM,0:00:00,0
Screen on (locked),4/5/23,9:49:23 AM,0:00:02,2
Screen off (locked),4/5/23,9:49:06 AM,0:00:18,18
Reddit,4/5/23,9:48:53 AM,0:00:13,13
Discord,4/5/23,9:48:46 AM,0:00:06,6
WhatsApp,4/5/23,9:48:34 AM,0:00:08,8
Screen on (unlocked),4/5/23,9:48:33 AM,0:00:00,0
Clock,4/5/23,9:48:33 AM,0:00:01,1
Screen on (locked),4/5/23,9:48:28 AM,0:00:05,5
Screen off (locked),4/5/23,8:35:07 AM,1:13:22,4402
Screen on (locked),4/5/23,8:35:00 AM,0:00:06,6
Screen off (locked),4/5/23,8:00:30 AM,0:34:30,2070
Screen on (locked),4/5/23,8:00:05 AM,0:00:25,25
Screen off (locked),4/5/23,7:59:45 AM,0:00:20,20
Screen on (locked),4/5/23,7:59:42 AM,0:00:03,3
Screen off (locked),4/5/23,7:58:43 AM,0:00:59,59
Screen on (locked),4/5/23,7:58:30 AM,0:00:13,13
Screen off (locked),4/5/23,7:54:02 AM,0:04:28,268
Screen on (locked),4/5/23,7:51:34 AM,0:02:28,148
Screen off (locked),4/5/23,7:50:45 AM,0:00:49,49
Screen on (locked),4/5/23,7:49:48 AM,0:00:56,56
Screen off (locked),4/5/23,7:49:45 AM,0:00:04,4
Screen on (locked),4/5/23,7:49:36 AM,0:00:09,9
Screen off (locked),4/5/23,7:49:35 AM,0:00:01,1
Screen on (locked),4/5/23,7:49:33 AM,0:00:01,1
Screen off (locked),4/5/23,7:45:19 AM,0:04:15,255
Clock,4/5/23,7:45:01 AM,0:00:18,18
Screen on (locked),4/5/23,7:45:01 AM,0:00:00,0
Screen off (locked),4/5/23,7:30:52 AM,0:14:09,849
Clock,4/5/23,7:30:31 AM,0:00:21,21
Screen on (unlocked),4/5/23,7:30:30 AM,0:00:00,0
Screen on (locked),4/5/23,7:30:26 AM,0:00:05,5
Screen off (locked),4/5/23,7:30:20 AM,0:00:06,6
Clock,4/5/23,7:30:01 AM,0:00:19,19
Screen on (locked),4/5/23,7:30:01 AM,0:00:00,0
Screen off (locked),4/5/23,7:00:41 AM,0:29:20,1760
Clock,4/5/23,7:00:29 AM,0:00:11,11
Screen on (unlocked),4/5/23,7:00:29 AM,0:00:00,0
Screen on (locked),4/5/23,7:00:26 AM,0:00:03,3
Screen off (locked),4/5/23,7:00:25 AM,0:00:02,2
Clock,4/5/23,7:00:00 AM,0:00:24,24
Screen on (locked),4/5/23,7:00:00 AM,0:00:00,0
Screen off (locked),4/5/23,2:35:31 AM,4:24:29,15869
Clock,4/5/23,2:35:28 AM,0:00:03,3
DoorDash,4/5/23,2:35:22 AM,0:00:02,2
Screen on (unlocked),4/5/23,2:35:21 AM,0:00:01,1
Screen on (locked),4/5/23,2:35:18 AM,0:00:04,4
Screen off (locked),4/5/23,1:16:25 AM,1:18:53,4733
DoorDash,4/5/23,1:15:31 AM,0:00:54,54
Screen on (unlocked),4/5/23,1:15:29 AM,0:00:01,1
Screen on (locked),4/5/23,1:15:17 AM,0:00:13,13
Screen off (locked),4/5/23,12:58:04 AM,0:17:13,1033
Screen on (locked),4/5/23,12:57:52 AM,0:00:13,13
Screen off (locked),4/4/23,10:32:55 PM,2:24:57,8697
Clock,4/4/23,10:32:42 PM,0:00:13,13
Screen on (unlocked),4/4/23,10:32:40 PM,0:00:01,1
Screen on (locked),4/4/23,10:32:39 PM,0:00:02,2
Screen off (locked),4/4/23,10:28:57 PM,0:03:42,222
Discord,4/4/23,10:26:56 PM,0:02:01,121
Reddit,4/4/23,10:25:33 PM,0:01:23,83
Discord,4/4/23,10:24:29 PM,0:01:05,65
Screen on (unlocked),4/4/23,10:24:28 PM,0:00:00,0
Screen on (locked),4/4/23,10:24:18 PM,0:00:10,10
Screen off (locked),4/4/23,10:24:06 PM,0:00:12,12
Screen on (locked),4/4/23,10:24:00 PM,0:00:06,6
Screen off,4/4/23,9:55:05 PM,0:28:55,1735
Discord,4/4/23,9:53:02 PM,0:02:03,123
Discord,4/4/23,9:52:32 PM,0:00:30,30
Screen on (unlocked),4/4/23,9:52:30 PM,0:00:01,1
Screen on (locked),4/4/23,9:52:29 PM,0:00:01,1
Screen off (locked),4/4/23,9:48:51 PM,0:03:38,218
Reddit,4/4/23,9:48:31 PM,0:00:18,18
Screen on (unlocked),4/4/23,9:48:31 PM,0:00:00,0
Screen on (locked),4/4/23,9:48:28 PM,0:00:03,3
Screen off,4/4/23,9:22:48 PM,0:25:39,1539
Reddit,4/4/23,9:19:23 PM,0:03:26,206
Discord,4/4/23,9:18:57 PM,0:00:25,25
Screen on (unlocked),4/4/23,9:18:55 PM,0:00:02,2
Screen on (locked),4/4/23,9:18:53 PM,0:00:02,2
Screen off (locked),4/4/23,8:52:27 PM,0:26:26,1586
Discord,4/4/23,8:52:06 PM,0:00:21,21
Teams,4/4/23,8:52:05 PM,0:00:01,1
Reddit,4/4/23,8:50:08 PM,0:01:57,117
Teams,4/4/23,8:50:05 PM,0:00:02,2
Discord,4/4/23,8:49:09 PM,0:00:56,56
Phone,4/4/23,8:49:04 PM,0:00:05,5
Screen on (unlocked),4/4/23,8:49:03 PM,0:00:00,0
Screen on (locked),4/4/23,8:49:01 PM,0:00:02,2
Screen off (locked),4/4/23,8:47:06 PM,0:01:56,116
Call,4/4/23,8:36:03 PM,0:11:03,663
Phone,4/4/23,8:35:56 PM,0:00:07,7
WhatsApp,4/4/23,8:35:49 PM,0:00:01,1
Screen on (unlocked),4/4/23,8:35:49 PM,0:00:01,1
Screen on (locked),4/4/23,8:35:48 PM,0:00:01,1
Screen off (locked),4/4/23,8:21:42 PM,0:14:06,846
Screen on (locked),4/4/23,8:21:40 PM,0:00:02,2
Screen off (locked),4/4/23,8:19:03 PM,0:02:37,157
WhatsApp,4/4/23,8:18:05 PM,0:00:58,58
Finder,4/4/23,8:18:01 PM,0:00:04,4
Chrome,4/4/23,8:17:59 PM,0:00:01,1
Screen on (unlocked),4/4/23,8:17:59 PM,0:00:00,0
Screen on (locked),4/4/23,8:17:57 PM,0:00:02,2
Screen off (locked),4/4/23,8:14:54 PM,0:03:03,183
Screen on (locked),4/4/23,8:14:52 PM,0:00:02,2
Screen off (locked),4/4/23,8:14:51 PM,0:00:01,1
Screen on (locked),4/4/23,8:14:40 PM,0:00:11,11
Screen off (locked),4/4/23,6:36:01 PM,1:38:39,5919
Chrome,4/4/23,6:34:47 PM,0:01:14,74
Teams,4/4/23,6:34:36 PM,0:00:11,11
Screen on (unlocked),4/4/23,6:34:35 PM,0:00:00,0
Screen on (locked),4/4/23,6:34:32 PM,0:00:03,3
Screen off (locked),4/4/23,6:32:21 PM,0:02:11,131
Chrome,4/4/23,6:29:20 PM,0:03:01,181
Teams,4/4/23,6:29:12 PM,0:00:08,8
Screen on (unlocked),4/4/23,6:29:12 PM,0:00:00,0
Screen on (locked),4/4/23,6:29:09 PM,0:00:03,3
Screen off (locked),4/4/23,6:26:36 PM,0:02:33,153
Teams,4/4/23,6:25:58 PM,0:00:38,38
Screen on (unlocked),4/4/23,6:25:55 PM,0:00:03,3
Screen on (locked),4/4/23,6:25:52 PM,0:00:04,4
Screen off (locked),4/4/23,6:25:06 PM,0:00:46,46
Screen on (locked),4/4/23,6:24:59 PM,0:00:07,7
Screen off (locked),4/4/23,5:01:35 PM,1:23:24,5004
Screen on (locked),4/4/23,5:01:23 PM,0:00:12,12
Screen off (locked),4/4/23,4:56:36 PM,0:04:47,287
Screen on (locked),4/4/23,4:56:23 PM,0:00:13,13
Screen off (locked),4/4/23,4:55:42 PM,0:00:41,41
Screen on (locked),4/4/23,4:55:36 PM,0:00:06,6
Screen off (locked),4/4/23,4:55:15 PM,0:00:21,21
Screen on (locked),4/4/23,4:54:05 PM,0:01:10,70
Screen off (locked),4/4/23,4:53:07 PM,0:00:58,58
Screen on (locked),4/4/23,4:53:01 PM,0:00:06,6
Screen off (locked),4/4/23,4:52:39 PM,0:00:22,22
Screen on (locked),4/4/23,4:52:35 PM,0:00:03,3
Screen off (locked),4/4/23,4:51:19 PM,0:01:16,76
Screen on (locked),4/4/23,4:51:13 PM,0:00:06,6
Screen off (locked),4/4/23,4:48:15 PM,0:02:58,178
Screen on (locked),4/4/23,4:48:04 PM,0:00:10,10
Screen off (locked),4/4/23,4:47:37 PM,0:00:27,27
Discord,4/4/23,4:47:30 PM,0:00:08,8
Screen on (unlocked),4/4/23,4:47:22 PM,0:00:00,0
Clock,4/4/23,4:47:21 PM,0:00:03,3
Screen on (locked),4/4/23,4:47:13 PM,0:00:09,9
Screen off (locked),4/4/23,3:58:21 PM,0:48:52,2932
Screen on (locked),4/4/23,3:58:15 PM,0:00:06,6
Screen off (locked),4/4/23,3:49:54 PM,0:08:21,501
Screen on (locked),4/4/23,3:49:47 PM,0:00:07,7
Screen off (locked),4/4/23,3:49:45 PM,0:00:01,1
Screen on (locked),4/4/23,3:49:39 PM,0:00:06,6
Screen off (locked),4/4/23,3:49:34 PM,0:00:05,5
Screen on (locked),4/4/23,3:49:19 PM,0:00:15,15
Screen off (locked),4/4/23,3:00:17 PM,0:49:02,2942
Screen on (locked),4/4/23,3:00:05 PM,0:00:12,12
Screen off (locked),4/4/23,2:48:15 PM,0:11:50,710
Screen on (locked),4/4/23,2:48:09 PM,0:00:06,6
Screen off (locked),4/4/23,1:59:45 PM,0:48:24,2904
Screen on (locked),4/4/23,1:59:44 PM,0:00:01,1
Screen off (locked),4/4/23,1:59:39 PM,0:00:05,5
Screen on (locked),4/4/23,1:59:35 PM,0:00:04,4
Screen off (locked),4/4/23,1:57:30 PM,0:02:05,125
Screen on (locked),4/4/23,1:57:20 PM,0:00:10,10
Screen off (locked),4/4/23,1:57:18 PM,0:00:02,2
Screen on (locked),4/4/23,1:57:10 PM,0:00:08,8
Screen off (locked),4/4/23,1:57:10 PM,0:00:00,0
Screen on (locked),4/4/23,1:57:08 PM,0:00:02,2
Screen off (locked),4/4/23,1:51:15 PM,0:05:53,353
Screen on (locked),4/4/23,1:50:20 PM,0:00:55,55
Screen off (locked),4/4/23,1:46:18 PM,0:04:02,242
Clock,4/4/23,1:46:01 PM,0:00:17,17
Screen on (locked),4/4/23,1:46:01 PM,0:00:00,0
Screen off (locked),4/4/23,1:03:27 PM,0:42:33,2553
Screen on (unlocked),4/4/23,1:03:16 PM,0:00:12,12
Clock,4/4/23,1:03:00 PM,0:00:15,15
Screen on (locked),4/4/23,1:03:00 PM,0:00:00,0
Screen off (locked),4/4/23,1:01:06 PM,0:01:54,114
Clock,4/4/23,1:00:57 PM,0:00:09,9
Screen on (unlocked),4/4/23,1:00:57 PM,0:00:00,0
Screen on (locked),4/4/23,1:00:54 PM,0:00:03,3
Screen off (locked),4/4/23,11:33:31 AM,1:27:23,5243
Clock,4/4/23,11:33:18 AM,0:00:14,14
Teams,4/4/23,11:33:13 AM,0:00:01,1
Screen on (unlocked),4/4/23,11:33:13 AM,0:00:00,0
Screen on (locked),4/4/23,11:33:08 AM,0:00:05,5
Screen off (locked),4/4/23,11:00:11 AM,0:32:57,1977
Teams,4/4/23,10:59:58 AM,0:00:14,14
Finder,4/4/23,10:59:57 AM,0:00:01,1
Reddit,4/4/23,10:59:53 AM,0:00:01,1
Screen on (unlocked),4/4/23,10:59:52 AM,0:00:00,0
Screen on (locked),4/4/23,10:59:50 AM,0:00:02,2
Screen off (locked),4/4/23,10:00:11 AM,0:59:39,3579
Reddit,4/4/23,10:00:08 AM,0:00:03,3
Discord,4/4/23,9:59:33 AM,0:00:33,33
Screen on (unlocked),4/4/23,9:59:32 AM,0:00:01,1
Clock,4/4/23,9:59:32 AM,0:00:00,0
Screen on (locked),4/4/23,9:59:30 AM,0:00:02,2
Screen off (locked),4/4/23,9:56:35 AM,0:02:55,175
Screen on (locked),4/4/23,9:56:26 AM,0:00:09,9
Screen off (locked),4/4/23,9:51:23 AM,0:05:03,303
Screen on (locked),4/4/23,9:51:21 AM,0:00:02,2
Screen off (locked),4/4/23,9:48:42 AM,0:02:39,159
Screen on (locked),4/4/23,9:48:26 AM,0:00:16,16
Screen off (locked),4/4/23,9:47:07 AM,0:01:19,79
Clock,4/4/23,9:47:00 AM,0:00:07,7
Screen on (locked),4/4/23,9:47:00 AM,0:00:00,0
Screen off (locked),4/4/23,9:44:54 AM,0:02:06,126
Screen on (locked),4/4/23,9:44:52 AM,0:00:02,2
Screen off (locked),4/4/23,9:40:50 AM,0:04:03,243
Clock,4/4/23,9:40:45 AM,0:00:05,5
YouTube,4/4/23,9:40:41 AM,0:00:01,1
Screen on (unlocked),4/4/23,9:40:41 AM,0:00:00,0
Screen on (locked),4/4/23,9:40:39 AM,0:00:02,2
Screen off (locked),4/4/23,9:40:34 AM,0:00:05,5
Screen on (locked),4/4/23,9:40:31 AM,0:00:03,3
Screen off (locked),4/4/23,9:40:22 AM,0:00:09,9
Clock,4/4/23,9:40:01 AM,0:00:21,21
Screen on (locked),4/4/23,9:40:01 AM,0:00:00,0
Screen off (locked),4/4/23,9:05:55 AM,0:34:06,2046
Screen on (locked),4/4/23,9:05:51 AM,0:00:04,4
Screen off (locked),4/4/23,9:05:31 AM,0:00:20,20
YouTube,4/4/23,9:05:25 AM,0:00:06,6
YouTube,4/4/23,9:03:37 AM,0:00:04,4
Screen on (unlocked),4/4/23,9:03:36 AM,0:00:00,0
Screen on (locked),4/4/23,9:03:34 AM,0:00:02,2
Screen off (locked),4/4/23,9:02:20 AM,0:01:14,74
Screen on (locked),4/4/23,9:02:19 AM,0:00:01,1
Screen off (locked),4/4/23,9:02:00 AM,0:00:19,19
YouTube,4/4/23,9:01:06 AM,0:00:54,54
Reddit,4/4/23,8:44:54 AM,0:16:11,971
Chrome,4/4/23,8:44:52 AM,0:00:02,2
Reddit,4/4/23,8:43:14 AM,0:01:39,99
Chrome,4/4/23,8:41:56 AM,0:01:17,77
Clock,4/4/23,8:41:41 AM,0:00:14,14
Reddit,4/4/23,8:41:33 AM,0:00:06,6
Screen on (unlocked),4/4/23,8:41:33 AM,0:00:01,1
Screen on (locked),4/4/23,8:41:29 AM,0:00:04,4
Screen off (locked),4/4/23,8:38:38 AM,0:02:51,171
Reddit,4/4/23,8:36:44 AM,0:01:53,113
Teams,4/4/23,8:36:27 AM,0:00:16,16
Finder,4/4/23,8:36:23 AM,0:00:03,3
Screen on (unlocked),4/4/23,8:35:39 AM,0:00:00,0
Discord,4/4/23,8:35:38 AM,0:00:43,43
Screen on (locked),4/4/23,8:35:36 AM,0:00:02,2
Screen off (locked),4/4/23,8:35:31 AM,0:00:05,5
Screen on (locked),4/4/23,8:35:22 AM,0:00:09,9
Screen off (locked),4/4/23,8:00:18 AM,0:35:05,2105
Clock,4/4/23,8:00:01 AM,0:00:16,16
Screen on (locked),4/4/23,8:00:01 AM,0:00:00,0
Screen off (locked),4/4/23,5:52:07 AM,2:07:54,7674
Screen on (locked),4/4/23,5:52:02 AM,0:00:06,6
Screen off (locked),4/4/23,3:55:12 AM,1:56:49,7009
Screen on (locked),4/4/23,3:55:09 AM,0:00:03,3
Screen off (locked),4/4/23,3:19:46 AM,0:35:23,2123
Discord,4/4/23,3:19:30 AM,0:00:16,16
Clock,4/4/23,3:19:23 AM,0:00:07,7
Screen on (unlocked),4/4/23,3:19:23 AM,0:00:00,0
Screen on (locked),4/4/23,3:19:16 AM,0:00:07,7
Screen off (locked),4/4/23,12:04:17 AM,3:14:59,11699
Screen on (locked),4/4/23,12:04:15 AM,0:00:02,2
Screen off (locked),4/4/23,12:04:10 AM,0:00:05,5
Screen on (locked),4/4/23,12:02:35 AM,0:01:35,95
Screen off (locked),4/3/23,11:34:43 PM,0:27:51,1671
Clock,4/3/23,11:34:29 PM,0:00:15,15
Reddit,4/3/23,11:34:27 PM,0:00:01,1
Screen on (unlocked),4/3/23,11:34:27 PM,0:00:00,0
Screen on (locked),4/3/23,11:34:25 PM,0:00:02,2
Screen off,4/3/23,11:09:31 PM,0:24:54,1494
Reddit,4/3/23,11:07:27 PM,0:02:04,124
Screen on (unlocked),4/3/23,11:07:27 PM,0:00:00,0
Screen on (locked),4/3/23,11:07:25 PM,0:00:02,2
Screen off,4/3/23,11:07:07 PM,0:00:18,18
Reddit,4/3/23,11:05:07 PM,0:02:00,120
Screen on (unlocked),4/3/23,11:05:07 PM,0:00:00,0
Screen on (locked),4/3/23,11:05:03 PM,0:00:03,3
Screen off,4/3/23,11:03:50 PM,0:01:13,73
Reddit,4/3/23,11:01:45 PM,0:02:05,125
Teams,4/3/23,11:01:42 PM,0:00:01,1
Screen on (unlocked),4/3/23,11:01:42 PM,0:00:00,0
Screen on (locked),4/3/23,11:01:40 PM,0:00:01,1
Screen off,4/3/23,10:20:42 PM,0:40:58,2458
Teams,4/3/23,10:18:41 PM,0:02:01,121
Chrome,4/3/23,10:18:39 PM,0:00:01,1
YouTube,4/3/23,9:57:17 PM,0:21:22,1282
Chrome,4/3/23,9:57:17 PM,0:00:01,1
Teams,4/3/23,9:57:12 PM,0:00:01,1
Screen on (unlocked),4/3/23,9:57:12 PM,0:00:00,0
Screen on (locked),4/3/23,9:57:08 PM,0:00:05,5
Screen off (locked),4/3/23,9:47:24 PM,0:09:44,584
Screen on (locked),4/3/23,9:47:17 PM,0:00:07,7
Screen off (locked),4/3/23,9:43:53 PM,0:03:24,204
Screen on (locked),4/3/23,9:41:50 PM,0:02:02,122
Screen off,4/3/23,9:36:03 PM,0:05:48,348
Teams,4/3/23,9:34:01 PM,0:02:01,121
Finder,4/3/23,9:34:01 PM,0:00:01,1
Screen on (unlocked),4/3/23,9:33:56 PM,0:00:05,5
DoorDash,4/3/23,9:33:56 PM,0:00:00,0
Screen on (locked),4/3/23,9:33:54 PM,0:00:02,2
Screen off (locked),4/3/23,8:40:59 PM,0:52:55,3175
DoorDash,4/3/23,8:40:22 PM,0:00:37,37
Screen on (unlocked),4/3/23,8:40:13 PM,0:00:09,9
Teams,4/3/23,8:40:13 PM,0:00:00,0
Screen on (locked),4/3/23,8:40:07 PM,0:00:06,6
Screen off (locked),4/3/23,8:40:04 PM,0:00:04,4
Screen on (locked),4/3/23,8:39:56 PM,0:00:08,8
Screen off,4/3/23,5:56:06 PM,2:43:50,9830
Phone,4/3/23,5:54:05 PM,0:02:01,121
Call,4/3/23,5:54:02 PM,0:00:04,4
Screen on (unlocked),4/3/23,5:54:00 PM,0:00:01,1
Screen off,4/3/23,5:51:41 PM,0:02:19,139
Call,4/3/23,5:51:11 PM,0:00:30,30
Phone,4/3/23,5:51:09 PM,0:00:02,2
Screen on (unlocked),4/3/23,5:51:09 PM,0:00:00,0
Screen on (locked),4/3/23,5:51:05 PM,0:00:04,4
Screen off (locked),4/3/23,4:53:51 PM,0:57:14,3434
Teams,4/3/23,4:53:45 PM,0:00:02,2
Screen on (unlocked),4/3/23,4:53:45 PM,0:00:00,0
Screen on (locked),4/3/23,4:53:41 PM,0:00:04,4
Screen off (locked),4/3/23,4:53:14 PM,0:00:28,28
Screen on (locked),4/3/23,4:53:10 PM,0:00:04,4
Screen off (locked),4/3/23,4:51:13 PM,0:01:57,117
Screen on (locked),4/3/23,4:51:11 PM,0:00:01,1
Screen off (locked),4/3/23,4:50:27 PM,0:00:45,45
Teams,4/3/23,4:48:50 PM,0:01:36,96
Finder,4/3/23,4:48:50 PM,0:00:01,1
Chrome,4/3/23,4:48:47 PM,0:00:01,1
Screen on (unlocked),4/3/23,4:48:47 PM,0:00:00,0
Screen on (locked),4/3/23,4:48:45 PM,0:00:02,2
Screen off (locked),4/3/23,4:39:20 PM,0:09:25,565
Screen on (locked),4/3/23,4:39:17 PM,0:00:03,3
Screen off (locked),4/3/23,4:32:58 PM,0:06:19,379
Screen on (locked),4/3/23,4:32:53 PM,0:00:05,5
Screen off (locked),4/3/23,4:32:47 PM,0:00:06,6
Screen on (locked),4/3/23,4:32:40 PM,0:00:06,6
Screen off (locked),4/3/23,4:29:39 PM,0:03:01,181
Screen on (locked),4/3/23,4:29:30 PM,0:00:09,9
Screen off (locked),4/3/23,4:23:00 PM,0:06:31,391
Screen on (locked),4/3/23,4:22:57 PM,0:00:03,3
Screen off (locked),4/3/23,4:17:40 PM,0:05:17,317
Screen on (locked),4/3/23,4:17:35 PM,0:00:05,5
Screen off (locked),4/3/23,4:12:20 PM,0:05:15,315
Screen on (locked),4/3/23,4:12:15 PM,0:00:05,5
Screen off (locked),4/3/23,3:50:39 PM,0:21:35,1295
Screen on (locked),4/3/23,3:50:25 PM,0:00:14,14
Screen off,4/3/23,3:41:59 PM,0:08:26,506
Chrome,4/3/23,3:39:55 PM,0:02:04,124
Screen on (unlocked),4/3/23,3:39:55 PM,0:00:00,0
Screen on (locked),4/3/23,3:39:53 PM,0:00:02,2
Screen off,4/3/23,3:06:50 PM,0:33:02,1982
Chrome,4/3/23,3:00:33 PM,0:06:18,378
Discord,4/3/23,3:00:22 PM,0:00:03,3
Reddit,4/3/23,3:00:21 PM,0:00:01,1
Screen on (unlocked),4/3/23,3:00:20 PM,0:00:00,0
Screen on (locked),4/3/23,3:00:14 PM,0:00:07,7
Screen off (locked),4/3/23,3:00:08 PM,0:00:05,5
Screen on (locked),4/3/23,2:59:57 PM,0:00:11,11
Screen off (locked),4/3/23,2:59:56 PM,0:00:01,1
Reddit,4/3/23,2:58:51 PM,0:01:04,64
Discord,4/3/23,2:57:56 PM,0:00:54,54
Screen on (unlocked),4/3/23,2:57:53 PM,0:00:00,0
Screen on (locked),4/3/23,2:57:45 PM,0:00:09,9
Screen off (locked),4/3/23,2:56:17 PM,0:01:28,88
Screen on (locked),4/3/23,2:56:15 PM,0:00:02,2
Screen off (locked),4/3/23,2:56:02 PM,0:00:13,13
Screen on (locked),4/3/23,2:56:01 PM,0:00:02,2
Screen off (locked),4/3/23,2:55:07 PM,0:00:54,54
Screen on (locked),4/3/23,2:54:46 PM,0:00:21,21
Screen off (locked),4/3/23,2:54:38 PM,0:00:08,8
Chrome,4/3/23,2:53:43 PM,0:00:50,50
Screen on (unlocked),4/3/23,2:53:42 PM,0:00:01,1
DoorDash,4/3/23,2:53:41 PM,0:00:01,1
Screen on (locked),4/3/23,2:53:38 PM,0:00:03,3
Screen off (locked),4/3/23,2:12:23 PM,0:41:15,2475
Call,4/3/23,2:12:16 PM,0:00:08,8
Screen on (locked),4/3/23,2:12:16 PM,0:00:00,0
Screen off (locked),4/3/23,2:00:10 PM,0:12:06,726
Screen on (locked),4/3/23,2:00:05 PM,0:00:04,4
Screen off (locked),4/3/23,1:57:23 PM,0:02:42,162
Screen on (locked),4/3/23,1:57:12 PM,0:00:11,11
Screen off (locked),4/3/23,1:53:12 PM,0:03:59,239
Screen on (locked),4/3/23,1:53:09 PM,0:00:04,4
Screen off (locked),4/3/23,1:50:53 PM,0:02:16,136
Screen on (locked),4/3/23,1:50:42 PM,0:00:11,11
Screen off (locked),4/3/23,1:50:15 PM,0:00:26,26
Screen on (locked),4/3/23,1:50:12 PM,0:00:03,3
Screen off (locked),4/3/23,1:49:31 PM,0:00:41,41
Screen on (locked),4/3/23,1:49:26 PM,0:00:05,5
Screen off (locked),4/3/23,1:44:24 PM,0:05:02,302
Screen on (locked),4/3/23,1:43:59 PM,0:00:25,25
Screen off (locked),4/3/23,1:43:57 PM,0:00:03,3
Screen on (locked),4/3/23,1:43:49 PM,0:00:08,8
Screen off (locked),4/3/23,1:43:45 PM,0:00:04,4
Screen on (locked),4/3/23,1:43:34 PM,0:00:11,11
Screen off (locked),4/3/23,1:33:44 PM,0:09:50,590
Screen on (locked),4/3/23,1:33:43 PM,0:00:02,2
Screen off (locked),4/3/23,1:29:55 PM,0:03:48,228
DoorDash,4/3/23,1:29:49 PM,0:00:06,6
Call,4/3/23,1:29:28 PM,0:00:21,21
Screen on (locked),4/3/23,1:29:28 PM,0:00:00,0
Screen off (locked),4/3/23,12:40:52 PM,0:48:36,2916
Call,4/3/23,12:40:15 PM,0:00:36,36
Screen on (locked),4/3/23,12:40:15 PM,0:00:00,0
Screen off (locked),4/3/23,12:03:53 PM,0:36:22,2182
DoorDash,4/3/23,12:03:05 PM,0:00:49,49
Call,4/3/23,12:02:56 PM,0:00:09,9
DoorDash,4/3/23,12:00:00 PM,0:02:51,171
Call,4/3/23,11:59:49 AM,0:00:11,11
DoorDash,4/3/23,11:59:48 AM,0:00:01,1
DoorDash,4/3/23,11:59:31 AM,0:00:16,16
Call,4/3/23,11:59:12 AM,0:00:19,19
DoorDash,4/3/23,11:59:11 AM,0:00:01,1
DoorDash,4/3/23,11:58:34 AM,0:00:36,36
DoorDash,4/3/23,11:58:28 AM,0:00:04,4
Screen on (unlocked),4/3/23,11:58:23 AM,0:00:05,5
Reddit,4/3/23,11:58:23 AM,0:00:00,0
Screen on (locked),4/3/23,11:58:21 AM,0:00:02,2
Screen off (locked),4/3/23,11:18:20 AM,0:40:01,2401
Reddit,4/3/23,11:12:55 AM,0:05:25,325
Screen on (unlocked),4/3/23,11:12:54 AM,0:00:01,1
Screen on (locked),4/3/23,11:12:49 AM,0:00:06,6
Screen off (locked),4/3/23,11:12:17 AM,0:00:31,31
Reddit,4/3/23,11:09:41 AM,0:02:37,157
Chrome,4/3/23,11:09:21 AM,0:00:20,20
Reddit,4/3/23,11:08:55 AM,0:00:27,27
Screen on (unlocked),4/3/23,11:08:54 AM,0:00:00,0
Screen on (locked),4/3/23,11:08:52 AM,0:00:02,2
Screen off (locked),4/3/23,11:08:29 AM,0:00:22,22
Screen on (locked),4/3/23,11:08:28 AM,0:00:02,2
Screen off (locked),4/3/23,11:06:23 AM,0:02:05,125
Reddit,4/3/23,11:04:15 AM,0:02:08,128
Screen on (unlocked),4/3/23,11:04:14 AM,0:00:00,0
Screen on (locked),4/3/23,11:04:11 AM,0:00:03,3
Screen off (locked),4/3/23,10:50:09 AM,0:14:02,842
Modes and Routines,4/3/23,10:49:55 AM,0:00:14,14
Screen on (locked),4/3/23,10:49:53 AM,0:00:02,2
Screen off (locked),4/3/23,9:59:18 AM,0:50:34,3034
Reddit,4/3/23,9:58:35 AM,0:00:43,43
Screen on (unlocked),4/3/23,9:58:35 AM,0:00:00,0
Screen on (locked),4/3/23,9:58:33 AM,0:00:02,2
Screen off (locked),4/3/23,9:55:05 AM,0:03:29,209
Reddit,4/3/23,9:53:05 AM,0:02:00,120
Discord,4/3/23,9:52:54 AM,0:00:10,10
Screen on (unlocked),4/3/23,9:52:54 AM,0:00:01,1
Screen on (locked),4/3/23,9:52:51 AM,0:00:02,2
Screen off (locked),4/3/23,9:22:51 AM,0:30:01,1801
Screen on (locked),4/3/23,9:22:40 AM,0:00:10,10
Screen off (locked),4/3/23,9:02:01 AM,0:20:39,1239
Discord,4/3/23,9:00:28 AM,0:01:33,93
Screen on (unlocked),4/3/23,9:00:24 AM,0:00:00,0
Screen on (locked),4/3/23,9:00:21 AM,0:00:03,3
Screen off (locked),4/3/23,8:59:29 AM,0:00:52,52
Reddit,4/3/23,8:58:16 AM,0:01:11,71
Reddit,4/3/23,8:55:37 AM,0:02:38,158
Discord,4/3/23,8:55:32 AM,0:00:05,5
Discord,4/3/23,8:55:04 AM,0:00:27,27
Screen on (unlocked),4/3/23,8:55:02 AM,0:00:00,0
Clock,4/3/23,8:55:02 AM,0:00:01,1
Screen on (locked),4/3/23,8:54:55 AM,0:00:07,7
Screen off (locked),4/3/23,7:59:56 AM,0:55:00,3300
Screen on (locked),4/3/23,7:59:52 AM,0:00:03,3
Screen off (locked),4/3/23,7:53:13 AM,0:06:39,399
Screen on (locked),4/3/23,7:53:10 AM,0:00:03,3
Screen off (locked),4/3/23,7:53:05 AM,0:00:05,5
Screen on (locked),4/3/23,7:53:00 AM,0:00:06,6
Screen off (locked),4/3/23,7:52:58 AM,0:00:01,1
Screen on (locked),4/3/23,7:52:47 AM,0:00:11,11
Screen off (locked),4/3/23,7:52:45 AM,0:00:02,2
Screen on (locked),4/3/23,7:52:44 AM,0:00:01,1
Screen off (locked),4/3/23,7:49:21 AM,0:03:23,203
Clock,4/3/23,7:49:01 AM,0:00:21,21
Screen on (locked),4/3/23,7:49:01 AM,0:00:00,0
Screen off (locked),4/3/23,7:44:19 AM,0:04:42,282
Screen on (unlocked),4/3/23,7:44:07 AM,0:00:00,0
Clock,4/3/23,7:44:07 AM,0:00:12,12
Screen on (locked),4/3/23,7:44:05 AM,0:00:02,2
Screen off (locked),4/3/23,7:44:02 AM,0:00:03,3
Screen on (locked),4/3/23,7:44:00 AM,0:00:02,2
Screen off (locked),4/3/23,7:42:22 AM,0:01:38,98
Screen on (locked),4/3/23,7:42:19 AM,0:00:03,3
Screen off (locked),4/3/23,7:42:12 AM,0:00:07,7
Clock,4/3/23,7:42:01 AM,0:00:11,11
Screen on (locked),4/3/23,7:42:01 AM,0:00:00,0
Screen off (locked),4/3/23,7:03:44 AM,0:38:17,2297
Clock,4/3/23,7:03:31 AM,0:00:13,13
Discord,4/3/23,7:03:22 AM,0:00:06,6
Screen on (unlocked),4/3/23,7:03:22 AM,0:00:00,0
Screen on (locked),4/3/23,7:03:19 AM,0:00:02,2
Screen off (locked),4/3/23,7:02:23 AM,0:00:57,57
Discord,4/3/23,7:00:36 AM,0:01:47,107
Screen on (unlocked),4/3/23,7:00:31 AM,0:00:00,0
Clock,4/3/23,7:00:30 AM,0:00:05,5
Screen on (locked),4/3/23,7:00:27 AM,0:00:04,4
Screen off (locked),4/3/23,7:00:26 AM,0:00:02,2
Clock,4/3/23,7:00:00 AM,0:00:25,25
Screen on (locked),4/3/23,7:00:00 AM,0:00:00,0
Screen off (locked),4/3/23,12:22:21 AM,6:37:39,23859
Clock,4/3/23,12:22:13 AM,0:00:08,8
Reddit,4/3/23,12:22:06 AM,0:00:01,1
Screen on (unlocked),4/3/23,12:22:06 AM,0:00:00,0
Screen on (locked),4/3/23,12:22:04 AM,0:00:02,2
Screen off,4/2/23,10:19:17 PM,2:02:47,7367
Reddit,4/2/23,10:16:52 PM,0:02:25,145
Screen on (unlocked),4/2/23,10:16:50 PM,0:00:02,2
Screen on (locked),4/2/23,10:16:48 PM,0:00:02,2
Screen off (locked),4/2/23,9:19:22 PM,0:57:27,3447
Reddit,4/2/23,9:18:52 PM,0:00:30,30
Screen on (unlocked),4/2/23,9:18:52 PM,0:00:00,0
Screen on (locked),4/2/23,9:18:50 PM,0:00:02,2
Screen off (locked),4/2/23,9:18:48 PM,0:00:02,2
Screen on (locked),4/2/23,9:18:47 PM,0:00:01,1
Screen off (locked),4/2/23,9:17:35 PM,0:01:12,72
Screen on (locked),4/2/23,9:17:28 PM,0:00:08,8
Screen off,4/2/23,8:37:48 PM,0:39:39,2379
Screen on (unlocked),4/2/23,8:35:20 PM,0:02:28,148
Reddit,4/2/23,8:35:20 PM,0:00:00,0
Screen on (locked),4/2/23,8:35:18 PM,0:00:01,1
Screen off,4/2/23,6:26:43 PM,2:08:35,7715
Reddit,4/2/23,6:24:43 PM,0:02:00,120
Discord,4/2/23,6:24:19 PM,0:00:23,23
Screen on (unlocked),4/2/23,6:24:19 PM,0:00:00,0
Screen on (locked),4/2/23,6:24:18 PM,0:00:01,1
Screen off (locked),4/2/23,6:23:36 PM,0:00:42,42
Discord,4/2/23,6:23:14 PM,0:00:22,22
DoorDash,4/2/23,6:23:13 PM,0:00:01,1
Screen on (unlocked),4/2/23,6:23:12 PM,0:00:01,1
Screen on (locked),4/2/23,6:23:07 PM,0:00:05,5
Screen off (locked),4/2/23,4:46:04 PM,1:37:03,5823
DoorDash,4/2/23,4:43:42 PM,0:02:22,142
Call,4/2/23,4:43:36 PM,0:00:06,6
Screen on (unlocked),4/2/23,4:43:36 PM,0:00:00,0
Screen off,4/2/23,4:43:16 PM,0:00:20,20
Call,4/2/23,4:42:44 PM,0:00:32,32
DoorDash,4/2/23,4:42:43 PM,0:00:01,1
DoorDash,4/2/23,4:42:37 PM,0:00:04,4
Phone,4/2/23,4:42:34 PM,0:00:01,1
Teams,4/2/23,4:42:32 PM,0:00:01,1
Screen on (unlocked),4/2/23,4:42:31 PM,0:00:00,0
Screen on (locked),4/2/23,4:42:30 PM,0:00:02,2
Screen off (locked),4/2/23,4:25:23 PM,0:17:07,1027
Teams,4/2/23,4:25:16 PM,0:00:07,7
Screen on (unlocked),4/2/23,4:25:16 PM,0:00:00,0
Screen off,4/2/23,3:40:21 PM,0:44:55,2695
Teams,4/2/23,3:38:18 PM,0:02:03,123
Finder,4/2/23,3:38:15 PM,0:00:04,4
Reddit,4/2/23,3:38:13 PM,0:00:01,1
Call,4/2/23,3:38:07 PM,0:00:02,2
Phone,4/2/23,3:38:06 PM,0:00:01,1
Screen on (unlocked),4/2/23,3:38:05 PM,0:00:00,0
Screen on (locked),4/2/23,3:38:03 PM,0:00:02,2
Screen off,4/2/23,2:20:46 PM,1:17:18,4638
Reddit,4/2/23,2:18:39 PM,0:02:07,127
Reddit,4/2/23,2:18:11 PM,0:00:27,27
Screen on (unlocked),4/2/23,2:18:11 PM,0:00:00,0
Screen on (locked),4/2/23,2:18:10 PM,0:00:01,1
Screen off (locked),4/2/23,2:14:56 PM,0:03:15,195
Screen on (locked),4/2/23,2:14:46 PM,0:00:09,9
Screen off (locked),4/2/23,1:17:05 PM,0:57:41,3461
Reddit,4/2/23,1:13:36 PM,0:03:30,210
Phone,4/2/23,1:13:34 PM,0:00:01,1
Screen on (unlocked),4/2/23,1:13:34 PM,0:00:00,0
Screen on (locked),4/2/23,1:13:31 PM,0:00:02,2
Screen off (locked),4/2/23,1:13:13 PM,0:00:18,18
Phone,4/2/23,1:12:58 PM,0:00:15,15
Screen on (unlocked),4/2/23,1:12:58 PM,0:00:01,1
Screen on (locked),4/2/23,1:12:53 PM,0:00:04,4
Screen off (locked),4/2/23,11:30:16 AM,1:42:37,6157
Clock,4/2/23,11:30:01 AM,0:00:15,15
Screen on (locked),4/2/23,11:30:01 AM,0:00:00,0
Screen off,4/2/23,11:22:19 AM,0:07:42,462
Screen on (unlocked),4/2/23,11:20:10 AM,0:02:10,130
Clock,4/2/23,11:20:00 AM,0:00:09,9
Screen on (locked),4/2/23,11:20:00 AM,0:00:00,0
Screen off (locked),4/2/23,11:00:50 AM,0:19:10,1150
Screen on (unlocked),4/2/23,11:00:43 AM,0:00:00,0
Clock,4/2/23,11:00:43 AM,0:00:08,8
Screen on (locked),4/2/23,11:00:40 AM,0:00:03,3
Screen off (locked),4/2/23,11:00:38 AM,0:00:02,2
Clock,4/2/23,11:00:01 AM,0:00:37,37
Screen on (locked),4/2/23,11:00:01 AM,0:00:00,0
Screen off (locked),4/2/23,6:55:43 AM,4:04:18,14658
Clock,4/2/23,6:55:43 AM,0:00:01,1
Reddit,4/2/23,6:55:26 AM,0:00:01,1
Screen on (unlocked),4/2/23,6:55:26 AM,0:00:00,0
Screen on (locked),4/2/23,6:55:23 AM,0:00:02,2
Screen off (locked),4/2/23,6:54:47 AM,0:00:37,37
Screen on (locked),4/2/23,6:54:44 AM,0:00:03,3
Screen off (locked),4/2/23,12:21:48 AM,6:32:56,23576
Screen on (locked),4/2/23,12:21:33 AM,0:00:14,14
Screen off (locked),4/2/23,12:11:18 AM,0:10:16,616
Screen on (locked),4/2/23,12:11:13 AM,0:00:04,4
Screen off (locked),4/2/23,12:07:52 AM,0:03:21,201
Screen on (locked),4/2/23,12:07:50 AM,0:00:03,3
Screen off (locked),4/2/23,12:07:17 AM,0:00:33,33
Screen on (locked),4/2/23,12:07:07 AM,0:00:11,11
Screen off,4/1/23,11:56:16 PM,0:10:50,650
Reddit,4/1/23,11:54:12 PM,0:02:04,124
Screen on (unlocked),4/1/23,11:54:11 PM,0:00:01,1
Screen on (locked),4/1/23,11:54:09 PM,0:00:02,2
Screen off,4/1/23,11:50:22 PM,0:03:47,227
Reddit,4/1/23,11:48:18 PM,0:02:04,124
Screen on (unlocked),4/1/23,11:48:18 PM,0:00:00,0
Screen on (locked),4/1/23,11:48:17 PM,0:00:01,1
Screen off (locked),4/1/23,11:48:15 PM,0:00:01,1
Screen off,4/1/23,11:25:51 PM,0:22:25,1345
Reddit,4/1/23,11:23:46 PM,0:02:04,124
Screen on (unlocked),4/1/23,11:23:46 PM,0:00:00,0
Screen on (locked),4/1/23,11:23:45 PM,0:00:01,1
Screen off,4/1/23,11:00:27 PM,0:23:17,1397
Reddit,4/1/23,10:58:21 PM,0:02:06,126
Screen on (unlocked),4/1/23,10:58:21 PM,0:00:00,0
Screen on (locked),4/1/23,10:58:18 PM,0:00:03,3
Screen off (locked),4/1/23,10:40:31 PM,0:17:47,1067
Reddit,4/1/23,10:40:19 PM,0:00:13,13
DoorDash,4/1/23,10:40:17 PM,0:00:01,1
Screen on (unlocked),4/1/23,10:40:17 PM,0:00:01,1
Screen on (locked),4/1/23,10:40:15 PM,0:00:02,2
Screen off (locked),4/1/23,9:21:14 PM,1:19:01,4741
DoorDash,4/1/23,9:20:25 PM,0:00:49,49
Call,4/1/23,9:19:38 PM,0:00:46,46
DoorDash,4/1/23,9:14:49 PM,0:04:48,288
Screen on (unlocked),4/1/23,9:14:48 PM,0:00:01,1
Screen on (locked),4/1/23,9:14:47 PM,0:00:02,2
Screen off,4/1/23,9:12:26 PM,0:02:20,140
DoorDash,4/1/23,9:05:50 PM,0:06:37,397
Screen on (unlocked),4/1/23,9:05:50 PM,0:00:00,0
Screen on (locked),4/1/23,9:05:47 PM,0:00:03,3
Screen off,4/1/23,9:03:54 PM,0:01:53,113
DoorDash,4/1/23,9:01:52 PM,0:02:02,122
Screen on (unlocked),4/1/23,9:01:52 PM,0:00:01,1
Screen on (locked),4/1/23,9:01:49 PM,0:00:03,3
Screen off,4/1/23,8:59:51 PM,0:01:58,118
DoorDash,4/1/23,8:57:49 PM,0:02:02,122
Screen on (unlocked),4/1/23,8:57:48 PM,0:00:00,0
Screen on (locked),4/1/23,8:57:47 PM,0:00:01,1
Screen off,4/1/23,8:56:39 PM,0:01:08,68
DoorDash,4/1/23,8:54:31 PM,0:02:08,128
Discord,4/1/23,8:54:28 PM,0:00:02,2
Reddit,4/1/23,8:53:34 PM,0:00:42,42
Discord,4/1/23,8:53:28 PM,0:00:05,5
DoorDash,4/1/23,8:52:28 PM,0:01:00,60
Reddit,4/1/23,8:51:02 PM,0:01:23,83
DoorDash,4/1/23,8:50:59 PM,0:00:03,3
Reddit,4/1/23,8:49:40 PM,0:01:17,77
DoorDash,4/1/23,8:47:13 PM,0:02:27,147
Phone,4/1/23,8:47:11 PM,0:00:03,3
Screen on (unlocked),4/1/23,8:47:08 PM,0:00:03,3
Screen on (locked),4/1/23,8:47:04 PM,0:00:04,4
Screen off (locked),4/1/23,8:26:59 PM,0:20:04,1204
Phone,4/1/23,8:25:55 PM,0:01:04,64
Call,4/1/23,8:25:48 PM,0:00:07,7
Screen on (unlocked),4/1/23,8:25:48 PM,0:00:00,0
Screen off,4/1/23,8:25:21 PM,0:00:27,27
Call,4/1/23,8:24:43 PM,0:00:38,38
Phone,4/1/23,8:24:41 PM,0:00:02,2
DoorDash,4/1/23,8:23:54 PM,0:00:47,47
Call,4/1/23,8:23:28 PM,0:00:26,26
DoorDash,4/1/23,8:20:31 PM,0:02:56,176
Call,4/1/23,8:20:05 PM,0:00:26,26
DoorDash,4/1/23,8:18:51 PM,0:01:12,72
Reddit,4/1/23,8:18:49 PM,0:00:01,1
Screen on (unlocked),4/1/23,8:18:49 PM,0:00:00,0
Screen on (locked),4/1/23,8:18:46 PM,0:00:03,3
Screen off,4/1/23,8:16:48 PM,0:01:58,118
Reddit,4/1/23,8:14:30 PM,0:02:18,138
Screen on (unlocked),4/1/23,8:14:29 PM,0:00:01,1
Screen on (locked),4/1/23,8:14:28 PM,0:00:02,2
Screen off (locked),4/1/23,8:14:00 PM,0:00:27,27
Reddit,4/1/23,8:11:00 PM,0:03:00,180
Reddit,4/1/23,8:10:26 PM,0:00:34,34
DoorDash,4/1/23,8:09:18 PM,0:01:08,68
Screen on (unlocked),4/1/23,8:09:17 PM,0:00:00,0
Screen on (locked),4/1/23,8:09:15 PM,0:00:02,2
Screen off,4/1/23,8:09:00 PM,0:00:15,15
DoorDash,4/1/23,8:06:56 PM,0:02:04,124
Screen on (unlocked),4/1/23,8:06:56 PM,0:00:00,0
Screen on (locked),4/1/23,8:06:54 PM,0:00:01,1
Screen off,4/1/23,8:03:21 PM,0:03:34,214
DoorDash,4/1/23,8:01:20 PM,0:02:00,120
Finder,4/1/23,8:01:18 PM,0:00:03,3
Discord,4/1/23,8:01:13 PM,0:00:01,1
Screen on (unlocked),4/1/23,8:01:13 PM,0:00:00,0
Screen on (locked),4/1/23,8:01:11 PM,0:00:02,2
Screen off (locked),4/1/23,7:57:28 PM,0:03:42,222
Screen on (locked),4/1/23,7:57:20 PM,0:00:09,9
Screen off (locked),4/1/23,7:54:11 PM,0:03:09,189
Screen on (locked),4/1/23,7:54:09 PM,0:00:02,2
Screen off (locked),4/1/23,7:53:39 PM,0:00:30,30
Screen on (locked),4/1/23,7:53:32 PM,0:00:07,7
Screen off (locked),4/1/23,7:52:29 PM,0:01:02,62
Discord,4/1/23,7:51:43 PM,0:00:46,46
Phone,4/1/23,7:51:43 PM,0:00:01,1
Phone,4/1/23,7:51:41 PM,0:00:01,1
Reddit,4/1/23,7:51:00 PM,0:00:41,41
Phone,4/1/23,7:50:59 PM,0:00:01,1
Screen on (unlocked),4/1/23,7:50:58 PM,0:00:01,1
Screen on (locked),4/1/23,7:50:56 PM,0:00:02,2
Screen off (locked),4/1/23,7:50:52 PM,0:00:05,5
Screen on (locked),4/1/23,7:50:45 PM,0:00:07,7
Screen off (locked),4/1/23,7:50:32 PM,0:00:13,13
Screen on (locked),4/1/23,7:50:26 PM,0:00:06,6
Screen off (locked),4/1/23,7:47:22 PM,0:03:04,184
Phone,4/1/23,7:46:40 PM,0:00:43,43
Call,4/1/23,7:46:35 PM,0:00:05,5
Screen on (unlocked),4/1/23,7:46:35 PM,0:00:00,0
Screen off,4/1/23,7:45:42 PM,0:00:53,53
Call,4/1/23,7:44:59 PM,0:00:43,43
Phone,4/1/23,7:44:53 PM,0:00:06,6
Screen on (unlocked),4/1/23,7:44:52 PM,0:00:01,1
Call,4/1/23,7:44:48 PM,0:00:03,3
Screen on (locked),4/1/23,7:44:48 PM,0:00:00,0
Screen off (locked),4/1/23,7:42:32 PM,0:02:17,137
Call,4/1/23,7:42:00 PM,0:00:32,32
Screen on (locked),4/1/23,7:41:58 PM,0:00:01,1
Screen off (locked),4/1/23,7:20:05 PM,0:21:53,1313
Screen on (locked),4/1/23,7:19:57 PM,0:00:09,9
Screen off (locked),4/1/23,7:01:08 PM,0:18:49,1129
Screen on (locked),4/1/23,7:01:00 PM,0:00:08,8
Screen off (locked),4/1/23,6:45:04 PM,0:15:56,956
Discord,4/1/23,6:44:39 PM,0:00:25,25
Screen on (unlocked),4/1/23,6:44:37 PM,0:00:01,1
Screen on (locked),4/1/23,6:44:34 PM,0:00:03,3
Screen off (locked),4/1/23,6:42:28 PM,0:02:06,126
Screen on (locked),4/1/23,6:42:18 PM,0:00:10,10
Screen off (locked),4/1/23,4:20:20 PM,2:21:58,8518
Screen on (locked),4/1/23,4:20:17 PM,0:00:02,2
Screen off (locked),4/1/23,4:09:46 PM,0:10:31,631
Discord,4/1/23,4:07:49 PM,0:01:26,86
WhatsApp,4/1/23,4:05:14 PM,0:02:35,155
Screen on (unlocked),4/1/23,4:05:13 PM,0:00:01,1
Screen on (locked),4/1/23,4:05:07 PM,0:00:07,7
Screen off (locked),4/1/23,3:12:41 PM,0:52:25,3145
Screen on (locked),4/1/23,3:12:25 PM,0:00:16,16
Screen off (locked),4/1/23,1:37:32 PM,1:34:53,5693
WhatsApp,4/1/23,1:37:15 PM,0:00:14,14
Screen on (unlocked),4/1/23,1:37:14 PM,0:00:00,0
Screen on (locked),4/1/23,1:37:10 PM,0:00:04,4
Screen off (locked),4/1/23,12:51:25 PM,0:45:45,2745
Call,4/1/23,12:51:15 PM,0:00:10,10
DoorDash,4/1/23,12:51:14 PM,0:00:01,1
DoorDash,4/1/23,12:50:49 PM,0:00:23,23
Screen on (unlocked),4/1/23,12:50:49 PM,0:00:00,0
Screen on (locked),4/1/23,12:50:43 PM,0:00:06,6
Screen off (locked),4/1/23,12:50:41 PM,0:00:02,2
Screen on (locked),4/1/23,12:50:35 PM,0:00:06,6
Screen off (locked),4/1/23,10:47:31 AM,2:03:04,7384
Screen on (locked),4/1/23,10:47:23 AM,0:00:08,8
Screen off (locked),4/1/23,10:47:12 AM,0:00:11,11
Screen on (locked),4/1/23,10:47:03 AM,0:00:09,9
Screen off (locked),3/31/23,11:23:34 PM,11:23:29,41009
CamScanner,3/31/23,11:23:31 PM,0:00:04,4
Gmail,3/31/23,11:23:27 PM,0:00:04,4
CamScanner,3/31/23,11:19:52 PM,0:03:35,215
Finder,3/31/23,11:19:50 PM,0:00:01,1
Screen on (unlocked),3/31/23,11:19:45 PM,0:00:01,1
Screen on (locked),3/31/23,11:19:43 PM,0:00:02,2
Screen off,3/31/23,8:17:46 PM,3:01:57,10917
Discord,3/31/23,8:13:58 PM,0:01:48,108
YouTube,3/31/23,7:59:04 PM,0:14:54,894
Discord,3/31/23,7:58:53 PM,0:00:01,1
Screen on (unlocked),3/31/23,7:58:53 PM,0:00:00,0
Screen on (locked),3/31/23,7:58:51 PM,0:00:02,2
Apps,3/31/23,7:58:50 PM,0:00:01,1
Discord,3/31/23,7:58:49 PM,0:00:01,1
Discord,3/31/23,7:57:56 PM,0:00:01,1
Reddit,3/31/23,7:57:38 PM,0:00:18,18
Discord,3/31/23,7:56:43 PM,0:00:51,51
Maps,3/31/23,7:56:38 PM,0:00:05,5
Screen on (unlocked),3/31/23,7:56:38 PM,0:00:00,0
Screen on (locked),3/31/23,7:56:35 PM,0:00:03,3
Screen off (locked),3/31/23,7:55:58 PM,0:00:37,37
Screen on (locked),3/31/23,7:55:40 PM,0:00:18,18
Screen off (locked),3/31/23,7:55:35 PM,0:00:06,6
Maps,3/31/23,7:42:09 PM,0:13:25,805
Discord,3/31/23,7:42:05 PM,0:00:01,1
Screen on (unlocked),3/31/23,7:42:05 PM,0:00:01,1
Screen on (locked),3/31/23,7:42:03 PM,0:00:01,1
Screen off,3/31/23,7:23:51 PM,0:18:12,1092
Discord,3/31/23,7:21:50 PM,0:02:00,120
Screen on (unlocked),3/31/23,7:21:50 PM,0:00:00,0
Screen on (locked),3/31/23,7:21:10 PM,0:00:40,40
Screen off (locked),3/31/23,7:14:53 PM,0:06:17,377
Screen on (locked),3/31/23,7:14:34 PM,0:00:19,19
Screen off (locked),3/31/23,7:03:36 PM,0:10:58,658
Discord,3/31/23,7:03:18 PM,0:00:18,18
Screen on (unlocked),3/31/23,7:03:17 PM,0:00:00,0
Screen on (locked),3/31/23,7:03:13 PM,0:00:04,4
Screen off (locked),3/31/23,4:29:07 PM,2:34:06,9246
Teams,3/31/23,4:29:02 PM,0:00:02,2
Screen on (unlocked),3/31/23,4:29:02 PM,0:00:00,0
Screen on (locked),3/31/23,4:28:57 PM,0:00:05,5
Screen off (locked),3/31/23,4:28:56 PM,0:00:01,1
Screen on (locked),3/31/23,4:28:52 PM,0:00:04,4
Screen off (locked),3/31/23,4:26:16 PM,0:02:36,156
Screen on (unlocked),3/31/23,4:26:03 PM,0:00:13,13
Teams,3/31/23,4:26:03 PM,0:00:00,0
Screen on (locked),3/31/23,4:25:58 PM,0:00:04,4
Screen off (locked),3/31/23,4:24:41 PM,0:01:18,78
Screen on (locked),3/31/23,4:24:35 PM,0:00:05,5
Screen off (locked),3/31/23,4:24:20 PM,0:00:16,16
Screen on (locked),3/31/23,4:24:17 PM,0:00:02,2
Screen off (locked),3/31/23,3:21:10 PM,1:03:07,3787
Reddit,3/31/23,3:21:01 PM,0:00:08,8
Screen on (unlocked),3/31/23,3:21:01 PM,0:00:00,0
Screen on (locked),3/31/23,3:20:54 PM,0:00:07,7
Screen off (locked),3/31/23,3:02:22 PM,0:18:32,1112
Reddit,3/31/23,3:02:20 PM,0:00:02,2
Discord,3/31/23,3:01:38 PM,0:00:41,41
Screen on (unlocked),3/31/23,3:01:18 PM,0:00:00,0
Screen on (locked),3/31/23,3:01:13 PM,0:00:05,5
Screen off (locked),3/31/23,2:55:03 PM,0:06:10,370
Screen on (locked),3/31/23,2:54:52 PM,0:00:11,11
Screen off (locked),3/31/23,2:54:49 PM,0:00:03,3
Screen on (locked),3/31/23,2:54:47 PM,0:00:03,3
Screen off (locked),3/31/23,2:53:51 PM,0:00:55,55
Screen on (locked),3/31/23,2:53:50 PM,0:00:02,2
Screen off (locked),3/31/23,2:50:40 PM,0:03:10,190
Screen on (locked),3/31/23,2:50:36 PM,0:00:04,4
Screen off (locked),3/31/23,2:00:14 PM,0:50:23,3023
Discord,3/31/23,1:59:59 PM,0:00:13,13
Reddit,3/31/23,1:59:53 PM,0:00:04,4
Screen on (unlocked),3/31/23,1:59:53 PM,0:00:00,0
Screen on (locked),3/31/23,1:59:48 PM,0:00:05,5
Screen off (locked),3/31/23,1:56:31 PM,0:03:18,198
Screen on (locked),3/31/23,1:56:25 PM,0:00:06,6
Screen off (locked),3/31/23,1:53:06 PM,0:03:19,199
Screen on (locked),3/31/23,1:53:01 PM,0:00:05,5
Screen off (locked),3/31/23,1:52:02 PM,0:00:59,59
Reddit,3/31/23,1:51:43 PM,0:00:18,18
Teams,3/31/23,1:51:28 PM,0:00:14,14
Screen on (unlocked),3/31/23,1:51:28 PM,0:00:00,0
Screen on (locked),3/31/23,1:51:21 PM,0:00:07,7
Screen off (locked),3/31/23,1:50:00 PM,0:01:21,81
Screen on (locked),3/31/23,1:49:57 PM,0:00:04,4
Screen off (locked),3/31/23,1:02:21 PM,0:47:36,2856
Screen on (locked),3/31/23,1:02:15 PM,0:00:06,6
Screen off (locked),3/31/23,12:30:09 PM,0:32:05,1925
Screen on (locked),3/31/23,12:30:07 PM,0:00:02,2
Screen off (locked),3/31/23,12:26:25 PM,0:03:42,222
Screen on (unlocked),3/31/23,12:26:20 PM,0:00:05,5
Clock,3/31/23,12:26:01 PM,0:00:19,19
Screen on (locked),3/31/23,12:26:01 PM,0:00:00,0
Screen off (locked),3/31/23,12:21:08 PM,0:04:53,293
Screen on (locked),3/31/23,12:21:02 PM,0:00:07,7
Screen off (locked),3/31/23,12:21:00 PM,0:00:02,2
Clock,3/31/23,12:20:51 PM,0:00:09,9
Chrome,3/31/23,12:20:38 PM,0:00:11,11
Screen on (unlocked),3/31/23,12:20:37 PM,0:00:01,1
Clock,3/31/23,12:20:01 PM,0:00:36,36
Screen on (locked),3/31/23,12:20:01 PM,0:00:00,0
Screen off (locked),3/31/23,12:06:22 PM,0:13:39,819
Screen on (locked),3/31/23,12:06:11 PM,0:00:11,11
Screen off (locked),3/31/23,11:08:31 AM,0:57:40,3460
Clock,3/31/23,11:08:17 AM,0:00:14,14
Screen on (unlocked),3/31/23,11:08:10 AM,0:00:04,4
Screen on (locked),3/31/23,11:08:09 AM,0:00:01,1
Screen off (locked),3/31/23,11:04:21 AM,0:03:48,228
Reddit,3/31/23,11:02:59 AM,0:01:22,82
Discord,3/31/23,11:02:39 AM,0:00:20,20
Reddit,3/31/23,11:00:02 AM,0:02:36,156
Discord,3/31/23,10:59:37 AM,0:00:25,25
Reddit,3/31/23,10:59:19 AM,0:00:18,18
Discord,3/31/23,10:59:12 AM,0:00:06,6
Screen on (unlocked),3/31/23,10:59:12 AM,0:00:00,0
Screen on (locked),3/31/23,10:59:10 AM,0:00:02,2
Screen off (locked),3/31/23,10:58:44 AM,0:00:25,25
Screen on (locked),3/31/23,10:58:43 AM,0:00:01,1
Screen off (locked),3/31/23,10:58:08 AM,0:00:35,35
Screen on (unlocked),3/31/23,10:57:09 AM,0:00:59,59
Discord,3/31/23,10:57:09 AM,0:00:00,0
Screen on (locked),3/31/23,10:57:07 AM,0:00:02,2
Screen off (locked),3/31/23,10:52:06 AM,0:05:00,300
Screen on (locked),3/31/23,10:52:02 AM,0:00:04,4
Screen off (locked),3/31/23,10:51:50 AM,0:00:12,12
Screen on (locked),3/31/23,10:51:34 AM,0:00:16,16
Screen off (locked),3/31/23,10:48:35 AM,0:02:59,179
Screen on (locked),3/31/23,10:48:32 AM,0:00:03,3
Screen off (locked),3/31/23,10:25:32 AM,0:23:00,1380
Screen on (locked),3/31/23,10:25:27 AM,0:00:05,5
Screen off (locked),3/31/23,10:13:09 AM,0:12:18,738
Discord,3/31/23,10:13:01 AM,0:00:08,8
Screen on (unlocked),3/31/23,10:12:56 AM,0:00:05,5
Teams,3/31/23,10:12:56 AM,0:00:00,0
Screen on (locked),3/31/23,10:12:52 AM,0:00:04,4
Screen off (locked),3/31/23,9:50:49 AM,0:22:03,1323
Discord,3/31/23,9:50:42 AM,0:00:07,7
Teams,3/31/23,9:49:42 AM,0:00:58,58
Finder,3/31/23,9:49:38 AM,0:00:04,4
Screen on (unlocked),3/31/23,9:49:33 AM,0:00:01,1
Discord,3/31/23,9:49:33 AM,0:00:01,1
Screen on (locked),3/31/23,9:49:30 AM,0:00:03,3
Screen off (locked),3/31/23,9:49:26 AM,0:00:03,3
Screen on (locked),3/31/23,9:49:20 AM,0:00:06,6
Screen off (locked),3/31/23,8:00:42 AM,1:48:38,6518
Screen on (locked),3/31/23,8:00:41 AM,0:00:01,1
Screen off (locked),3/31/23,8:00:39 AM,0:00:02,2
Screen on (locked),3/31/23,8:00:32 AM,0:00:07,7
Screen off (locked),3/31/23,8:00:05 AM,0:00:27,27
Screen on (locked),3/31/23,8:00:04 AM,0:00:01,1
Screen off (locked),3/31/23,8:00:02 AM,0:00:02,2
Screen on (locked),3/31/23,7:59:58 AM,0:00:04,4
Screen off (locked),3/31/23,7:59:57 AM,0:00:01,1
Screen on (locked),3/31/23,7:59:43 AM,0:00:14,14
Screen off (locked),3/31/23,7:59:42 AM,0:00:02,2
Screen on (locked),3/31/23,7:59:36 AM,0:00:05,5
Screen off (locked),3/31/23,7:56:24 AM,0:03:13,193
Screen on (locked),3/31/23,7:54:19 AM,0:02:04,124
Screen off (locked),3/31/23,7:54:18 AM,0:00:02,2
Screen on (locked),3/31/23,7:54:03 AM,0:00:14,14
Screen off (locked),3/31/23,7:50:39 AM,0:03:24,204
Screen on (locked),3/31/23,7:50:26 AM,0:00:13,13
Screen off (locked),3/31/23,7:50:08 AM,0:00:18,18
Screen on (locked),3/31/23,7:50:06 AM,0:00:02,2
Screen off (locked),3/31/23,7:46:48 AM,0:03:19,199
Screen on (locked),3/31/23,7:46:46 AM,0:00:02,2
Screen off (locked),3/31/23,7:42:27 AM,0:04:19,259
Discord,3/31/23,7:42:20 AM,0:00:07,7
Clock,3/31/23,7:42:02 AM,0:00:18,18
Screen on (locked),3/31/23,7:42:01 AM,0:00:00,0
Screen off (locked),3/31/23,6:46:55 AM,0:55:07,3307
Discord,3/31/23,6:46:41 AM,0:00:14,14
Clock,3/31/23,6:46:25 AM,0:00:15,15
Screen on (unlocked),3/31/23,6:46:24 AM,0:00:00,0
Screen on (locked),3/31/23,6:46:16 AM,0:00:08,8
Screen off (locked),3/31/23,1:58:55 AM,4:47:22,17242
Screen on (locked),3/31/23,1:58:45 AM,0:00:09,9
Screen off (locked),3/31/23,1:45:27 AM,0:13:18,798
Clock,3/31/23,1:45:10 AM,0:00:17,17
DoorDash,3/31/23,1:45:05 AM,0:00:01,1
Screen on (unlocked),3/31/23,1:45:05 AM,0:00:01,1
Screen on (locked),3/31/23,1:45:03 AM,0:00:02,2
Screen off (locked),3/31/23,1:06:23 AM,0:38:41,2321
DoorDash,3/31/23,1:06:14 AM,0:00:09,9
Reddit,3/31/23,1:06:07 AM,0:00:02,2
Screen on (unlocked),3/31/23,1:06:06 AM,0:00:01,1
Screen on (locked),3/31/23,1:06:04 AM,0:00:02,2
Screen off (locked),3/31/23,1:06:02 AM,0:00:01,1
Screen on (locked),3/31/23,1:05:50 AM,0:00:12,12
Screen off,3/30/23,8:14:47 PM,4:51:03,17463
Reddit,3/30/23,8:09:01 PM,0:05:47,347
Chrome,3/30/23,8:08:59 PM,0:00:01,1
Screen on (unlocked),3/30/23,8:08:59 PM,0:00:00,0
Screen on (locked),3/30/23,8:08:57 PM,0:00:02,2
Screen off,3/30/23,8:07:53 PM,0:01:04,64
Chrome,3/30/23,8:05:49 PM,0:02:03,123
Reddit,3/30/23,8:05:30 PM,0:00:19,19
Screen on (unlocked),3/30/23,8:05:30 PM,0:00:00,0
Screen on (locked),3/30/23,8:05:29 PM,0:00:01,1
Screen off (locked),3/30/23,7:49:17 PM,0:16:12,972
Screen on (locked),3/30/23,7:49:11 PM,0:00:06,6
Screen off,3/30/23,7:41:44 PM,0:07:27,447
Reddit,3/30/23,7:39:32 PM,0:02:11,131
Screen on (unlocked),3/30/23,7:39:32 PM,0:00:00,0
Screen on (locked),3/30/23,7:39:31 PM,0:00:01,1
Screen off (locked),3/30/23,7:39:30 PM,0:00:01,1
Screen off,3/30/23,6:45:52 PM,0:53:38,3218
Reddit,3/30/23,6:42:58 PM,0:02:54,174
Reddit,3/30/23,6:40:44 PM,0:02:14,134
Discord,3/30/23,6:40:37 PM,0:00:05,5
Screen on (unlocked),3/30/23,6:40:35 PM,0:00:01,1
Screen on (locked),3/30/23,6:40:31 PM,0:00:04,4
Screen off (locked),3/30/23,6:25:42 PM,0:14:49,889
Screen on (locked),3/30/23,6:25:36 PM,0:00:06,6
Screen off (locked),3/30/23,5:33:23 PM,0:52:13,3133
Chrome,3/30/23,5:33:19 PM,0:00:01,1
Screen on (unlocked),3/30/23,5:33:19 PM,0:00:00,0
Screen on (locked),3/30/23,5:33:18 PM,0:00:01,1
Screen off (locked),3/30/23,3:20:41 PM,2:12:37,7957
Screen on (locked),3/30/23,3:20:39 PM,0:00:02,2
Screen off (locked),3/30/23,2:38:36 PM,0:42:03,2523
Chrome,3/30/23,2:38:31 PM,0:00:05,5
Reddit,3/30/23,2:36:58 PM,0:01:33,93
Discord,3/30/23,2:36:37 PM,0:00:20,20
Screen on (unlocked),3/30/23,2:36:32 PM,0:00:05,5
Phone,3/30/23,2:36:32 PM,0:00:00,0
Screen on (locked),3/30/23,2:36:29 PM,0:00:03,3
Screen off (locked),3/30/23,2:33:28 PM,0:03:01,181
Screen on (locked),3/30/23,2:33:27 PM,0:00:01,1
Screen off (locked),3/30/23,2:33:05 PM,0:00:22,22
Screen on (locked),3/30/23,2:33:00 PM,0:00:05,5
Screen off (locked),3/30/23,2:08:46 PM,0:24:15,1455
Call,3/30/23,2:01:33 PM,0:07:13,433
Phone,3/30/23,2:01:28 PM,0:00:05,5
Chrome,3/30/23,1:59:11 PM,0:02:17,137
Chrome,3/30/23,1:58:30 PM,0:00:37,37
Snapchat,3/30/23,1:58:29 PM,0:00:01,1
Discord,3/30/23,1:58:18 PM,0:00:11,11
Snapchat,3/30/23,1:58:11 PM,0:00:06,6
Permission controller,3/30/23,1:58:11 PM,0:00:01,1
Snapchat,3/30/23,1:58:06 PM,0:00:04,4
Chrome,3/30/23,1:57:18 PM,0:00:49,49
Chrome,3/30/23,1:57:04 PM,0:00:12,12
Clock,3/30/23,1:56:58 PM,0:00:01,1
Screen on (unlocked),3/30/23,1:56:58 PM,0:00:00,0
Screen on (locked),3/30/23,1:56:56 PM,0:00:01,1
Screen off (locked),3/30/23,1:55:10 PM,0:01:47,107
Screen on (locked),3/30/23,1:55:08 PM,0:00:02,2
Screen off (locked),3/30/23,1:54:24 PM,0:00:44,44
Screen on (locked),3/30/23,1:54:17 PM,0:00:07,7
Screen off (locked),3/30/23,1:54:16 PM,0:00:01,1
Screen on (locked),3/30/23,1:54:14 PM,0:00:02,2
Screen off (locked),3/30/23,1:54:07 PM,0:00:07,7
Screen on (locked),3/30/23,1:54:05 PM,0:00:02,2
Screen off (locked),3/30/23,1:48:21 PM,0:05:44,344
Screen on (locked),3/30/23,1:48:19 PM,0:00:01,1
Screen off (locked),3/30/23,1:46:29 PM,0:01:50,110
Screen on (locked),3/30/23,1:46:28 PM,0:00:01,1
Screen off (locked),3/30/23,1:45:39 PM,0:00:49,49
Screen on (locked),3/30/23,1:45:30 PM,0:00:09,9
Screen off (locked),3/30/23,1:45:27 PM,0:00:04,4
Screen on (locked),3/30/23,1:45:24 PM,0:00:02,2
Screen off (locked),3/30/23,1:43:18 PM,0:02:06,126
Clock,3/30/23,1:43:00 PM,0:00:18,18
Screen on (locked),3/30/23,1:43:00 PM,0:00:00,0
Screen off (locked),3/30/23,12:51:29 PM,0:51:32,3092
Clock,3/30/23,12:51:21 PM,0:00:07,7
Phone,3/30/23,12:51:16 PM,0:00:01,1
Screen on (unlocked),3/30/23,12:51:16 PM,0:00:00,0
Screen on (locked),3/30/23,12:51:15 PM,0:00:01,1
Screen off (locked),3/30/23,12:51:14 PM,0:00:00,0
Screen on (locked),3/30/23,12:51:12 PM,0:00:02,2
Screen off (locked),3/30/23,12:51:11 PM,0:00:01,1
Call,3/30/23,12:50:14 PM,0:00:57,57
Phone,3/30/23,12:50:03 PM,0:00:11,11
Discord,3/30/23,12:49:53 PM,0:00:07,7
Screen on (unlocked),3/30/23,12:49:46 PM,0:00:00,0
Call,3/30/23,12:49:15 PM,0:00:31,31
Screen on (locked),3/30/23,12:49:15 PM,0:00:00,0
Screen off (locked),3/30/23,11:41:50 AM,1:07:25,4045
Reddit,3/30/23,11:41:08 AM,0:00:42,42
Screen on (unlocked),3/30/23,11:41:07 AM,0:00:00,0
Screen on (locked),3/30/23,11:41:05 AM,0:00:02,2
Screen off (locked),3/30/23,11:37:18 AM,0:03:48,228
Screen on (locked),3/30/23,11:37:11 AM,0:00:07,7
Screen off (locked),3/30/23,11:27:41 AM,0:09:30,570
Screen on (locked),3/30/23,11:27:34 AM,0:00:06,6
Screen off,3/30/23,11:26:56 AM,0:00:39,39
Reddit,3/30/23,11:24:53 AM,0:02:03,123
Screen on (unlocked),3/30/23,11:24:53 AM,0:00:00,0
Screen on (locked),3/30/23,11:24:52 AM,0:00:01,1
Screen off (locked),3/30/23,11:24:09 AM,0:00:43,43
Reddit,3/30/23,11:23:15 AM,0:00:54,54
Screen on (unlocked),3/30/23,11:23:12 AM,0:00:00,0
Discord,3/30/23,11:23:12 AM,0:00:02,2
Screen on (locked),3/30/23,11:23:11 AM,0:00:01,1
Screen off,3/30/23,10:39:05 AM,0:44:05,2645
Discord,3/30/23,10:36:33 AM,0:02:33,153
Reddit,3/30/23,10:36:08 AM,0:00:25,25
Discord,3/30/23,10:34:23 AM,0:01:45,105
Screen on (unlocked),3/30/23,10:34:22 AM,0:00:00,0
Screen on (locked),3/30/23,10:34:21 AM,0:00:02,2
Screen off (locked),3/30/23,9:45:26 AM,0:48:54,2934
Screen on (locked),3/30/23,9:45:19 AM,0:00:07,7
Screen off (locked),3/30/23,9:45:04 AM,0:00:16,16
Screen on (locked),3/30/23,9:45:01 AM,0:00:03,3
Discord,3/30/23,9:43:07 AM,0:01:53,113
Discord,3/30/23,9:42:58 AM,0:00:09,9
Screen on (unlocked),3/30/23,9:42:56 AM,0:00:02,2
Screen on (locked),3/30/23,9:42:49 AM,0:00:06,6
Screen off (locked),3/30/23,9:42:34 AM,0:00:16,16
Screen on (locked),3/30/23,9:42:31 AM,0:00:03,3
Screen off (locked),3/30/23,9:37:31 AM,0:05:00,300
Screen on (locked),3/30/23,9:37:14 AM,0:00:17,17
Screen off (locked),3/30/23,9:19:23 AM,0:17:51,1071
Clock,3/30/23,9:19:02 AM,0:00:21,21
Screen on (locked),3/30/23,9:19:02 AM,0:00:00,0
Screen off (locked),3/30/23,9:03:43 AM,0:15:19,919
Screen on (locked),3/30/23,9:03:37 AM,0:00:06,6
Screen off,3/30/23,7:50:47 AM,1:12:50,4370
Clock,3/30/23,7:48:40 AM,0:02:07,127
Screen on (unlocked),3/30/23,7:48:38 AM,0:00:02,2
Screen on (locked),3/30/23,7:48:32 AM,0:00:06,6
Screen off (locked),3/30/23,7:44:28 AM,0:04:04,244
Clock,3/30/23,7:44:01 AM,0:00:28,28
Screen on (locked),3/30/23,7:44:00 AM,0:00:00,0
Screen off (locked),3/30/23,12:01:46 AM,7:42:15,27735
Screen on (locked),3/30/23,12:01:39 AM,0:00:07,7
Screen off (locked),3/30/23,12:01:28 AM,0:00:11,11
Clock,3/30/23,12:01:22 AM,0:00:06,6
Reddit,3/30/23,12:01:17 AM,0:00:02,2
Chrome,3/30/23,12:00:44 AM,0:00:32,32
Discord,3/30/23,12:00:33 AM,0:00:11,11
Reddit,3/30/23,12:00:00 AM,0:00:31,31
Reddit,3/29/23,11:59:52 PM,0:00:08,8
Discord,3/29/23,11:58:32 PM,0:01:19,79
Reddit,3/29/23,11:58:16 PM,0:00:15,15
CamScanner,3/29/23,11:58:15 PM,0:00:01,1
Screen on (unlocked),3/29/23,11:58:14 PM,0:00:01,1
Screen on (locked),3/29/23,11:58:10 PM,0:00:04,4
Screen off (locked),3/29/23,11:53:03 PM,0:05:07,307
CamScanner,3/29/23,11:53:02 PM,0:00:01,1
Gmail,3/29/23,11:52:59 PM,0:00:03,3
CamScanner,3/29/23,11:52:00 PM,0:00:59,59
Phone,3/29/23,11:51:51 PM,0:00:03,3
Screen on (unlocked),3/29/23,11:51:51 PM,0:00:00,0
Screen on (locked),3/29/23,11:51:49 PM,0:00:02,2
Screen off (locked),3/29/23,8:48:38 PM,3:03:11,10991
Screen on (locked),3/29/23,8:48:34 PM,0:00:04,4
Screen off (locked),3/29/23,8:47:54 PM,0:00:40,40
Call,3/29/23,8:47:44 PM,0:00:10,10
Screen on (locked),3/29/23,8:47:44 PM,0:00:00,0
Screen off (locked),3/29/23,8:47:17 PM,0:00:27,27
Call,3/29/23,8:46:36 PM,0:00:41,41
Screen on (locked),3/29/23,8:46:36 PM,0:00:00,0
Screen off,3/29/23,8:36:57 PM,0:09:39,579
Phone,3/29/23,8:34:55 PM,0:02:02,122
Screen on (unlocked),3/29/23,8:34:55 PM,0:00:00,0
Screen on (locked),3/29/23,8:34:52 PM,0:00:03,3
Screen off (locked),3/29/23,7:20:09 PM,1:14:43,4483
Phone,3/29/23,7:20:07 PM,0:00:02,2
Screen on (unlocked),3/29/23,7:20:07 PM,0:00:00,0
Screen off,3/29/23,7:18:46 PM,0:01:20,80
Call,3/29/23,7:18:16 PM,0:00:31,31
Screen on (unlocked),3/29/23,7:18:16 PM,0:00:00,0
Screen off,3/29/23,7:17:01 PM,0:01:15,75
Call,3/29/23,7:16:24 PM,0:00:36,36
Phone,3/29/23,7:16:22 PM,0:00:03,3
Chrome,3/29/23,7:16:15 PM,0:00:06,6
Screen on (unlocked),3/29/23,7:16:15 PM,0:00:00,0
Screen on (locked),3/29/23,7:16:12 PM,0:00:03,3
Screen off,3/29/23,6:43:17 PM,0:32:56,1976
Chrome,3/29/23,6:40:06 PM,0:03:11,191
YouTube,3/29/23,6:40:02 PM,0:00:01,1
Screen on (unlocked),3/29/23,6:40:01 PM,0:00:01,1
Screen on (locked),3/29/23,6:39:59 PM,0:00:02,2
Screen off (locked),3/29/23,6:38:42 PM,0:01:18,78
YouTube,3/29/23,6:31:14 PM,0:07:28,448
Discord,3/29/23,6:31:11 PM,0:00:02,2
YouTube,3/29/23,6:21:32 PM,0:09:38,578
Maps,3/29/23,6:21:06 PM,0:00:25,25
Finder,3/29/23,6:21:05 PM,0:00:01,1
Discord,3/29/23,6:20:16 PM,0:00:46,46
Screen on (unlocked),3/29/23,6:20:16 PM,0:00:00,0
Screen on (locked),3/29/23,6:20:14 PM,0:00:02,2
Screen off (locked),3/29/23,6:19:33 PM,0:00:41,41
Discord,3/29/23,6:16:57 PM,0:02:36,156
Screen on (unlocked),3/29/23,6:16:57 PM,0:00:00,0
Screen on (locked),3/29/23,6:16:53 PM,0:00:03,3
Screen off (locked),3/29/23,6:16:22 PM,0:00:31,31
Discord,3/29/23,6:16:20 PM,0:00:03,3
Screen on (unlocked),3/29/23,6:16:19 PM,0:00:00,0
Screen on (locked),3/29/23,6:16:15 PM,0:00:04,4
Screen off (locked),3/29/23,6:16:04 PM,0:00:11,11
Screen on (locked),3/29/23,6:15:57 PM,0:00:07,7
Screen off (locked),3/29/23,6:15:55 PM,0:00:03,3
YouTube,3/29/23,6:08:36 PM,0:07:18,438
Call,3/29/23,6:05:44 PM,0:02:52,172
YouTube,3/29/23,6:01:08 PM,0:04:36,276
Maps,3/29/23,6:00:41 PM,0:00:10,10
Finder,3/29/23,6:00:39 PM,0:00:02,2
Discord,3/29/23,5:57:10 PM,0:00:54,54
Camera,3/29/23,5:57:06 PM,0:00:04,4
Discord,3/29/23,5:57:01 PM,0:00:05,5
Discord,3/29/23,5:56:57 PM,0:00:01,1
Reddit,3/29/23,5:56:55 PM,0:00:01,1
Screen on (unlocked),3/29/23,5:56:55 PM,0:00:00,0
Screen on (locked),3/29/23,5:56:54 PM,0:00:01,1
Screen off,3/29/23,5:23:14 PM,0:33:40,2020
Screen on (unlocked),3/29/23,5:21:07 PM,0:02:06,126
Screen on (locked),3/29/23,5:21:06 PM,0:00:02,2
Reddit,3/29/23,5:20:24 PM,0:00:41,41
Screen on (unlocked),3/29/23,5:20:24 PM,0:00:00,0
Screen on (locked),3/29/23,5:20:23 PM,0:00:01,1
Screen off (locked),3/29/23,4:02:38 PM,1:17:45,4665
Reddit,3/29/23,4:02:20 PM,0:00:18,18
Discord,3/29/23,4:02:08 PM,0:00:11,11
Screen on (unlocked),3/29/23,4:02:08 PM,0:00:00,0
Screen on (locked),3/29/23,4:02:08 PM,0:00:01,1
Screen off,3/29/23,4:00:59 PM,0:01:09,69
Discord,3/29/23,3:58:37 PM,0:02:22,142
Screen on (unlocked),3/29/23,3:58:37 PM,0:00:00,0
Screen on (locked),3/29/23,3:58:32 PM,0:00:04,4
Screen off,3/29/23,2:49:47 PM,1:08:45,4125
Discord,3/29/23,2:47:47 PM,0:02:01,121
Screen on (unlocked),3/29/23,2:47:46 PM,0:00:00,0
Screen on (locked),3/29/23,2:47:46 PM,0:00:00,0
Screen off,3/29/23,2:42:12 PM,0:05:34,334
Discord,3/29/23,2:36:46 PM,0:05:26,326
Screen on (unlocked),3/29/23,2:36:46 PM,0:00:00,0
Screen on (locked),3/29/23,2:36:45 PM,0:00:01,1
Screen off,3/29/23,2:31:59 PM,0:04:46,286
Discord,3/29/23,2:29:58 PM,0:02:01,121
Screen on (unlocked),3/29/23,2:29:58 PM,0:00:00,0
Screen on (locked),3/29/23,2:29:57 PM,0:00:01,1
Screen off (locked),3/29/23,2:29:56 PM,0:00:01,1
Screen on (locked),3/29/23,2:29:55 PM,0:00:01,1
Screen off,3/29/23,2:22:58 PM,0:06:57,417
Discord,3/29/23,2:20:55 PM,0:02:03,123
Reddit,3/29/23,2:20:53 PM,0:00:01,1
Screen on (unlocked),3/29/23,2:20:53 PM,0:00:00,0
Screen on (locked),3/29/23,2:20:52 PM,0:00:01,1
Screen off (locked),3/29/23,2:17:14 PM,0:03:37,217
Reddit,3/29/23,2:16:49 PM,0:00:25,25
Screen on (unlocked),3/29/23,2:16:49 PM,0:00:00,0
Screen on (locked),3/29/23,2:16:48 PM,0:00:00,0
Screen off (locked),3/29/23,2:15:52 PM,0:00:56,56
Reddit,3/29/23,2:15:29 PM,0:00:23,23
Screen on (unlocked),3/29/23,2:15:28 PM,0:00:00,0
Screen on (locked),3/29/23,2:15:25 PM,0:00:03,3
Screen off,3/29/23,1:42:17 PM,0:33:08,1988
Reddit,3/29/23,1:40:13 PM,0:02:05,125
Screen on (unlocked),3/29/23,1:40:12 PM,0:00:00,0
Screen on (locked),3/29/23,1:40:10 PM,0:00:02,2
Screen off (locked),3/29/23,1:04:02 PM,0:36:08,2168
Reddit,3/29/23,1:02:49 PM,0:01:13,73
Reddit,3/29/23,1:00:49 PM,0:02:00,120
Discord,3/29/23,1:00:44 PM,0:00:04,4
Screen on (unlocked),3/29/23,1:00:41 PM,0:00:03,3
Screen on (locked),3/29/23,1:00:39 PM,0:00:02,2
Screen off (locked),3/29/23,1:00:38 PM,0:00:01,1
Discord,3/29/23,1:00:34 PM,0:00:04,4
Screen on (unlocked),3/29/23,1:00:34 PM,0:00:00,0
Screen on (locked),3/29/23,1:00:33 PM,0:00:01,1
Screen off (locked),3/29/23,12:59:01 PM,0:01:32,92
Discord,3/29/23,12:58:39 PM,0:00:22,22
Reddit,3/29/23,12:58:36 PM,0:00:03,3
Discord,3/29/23,12:57:55 PM,0:00:42,42
Clock,3/29/23,12:57:54 PM,0:00:01,1
Screen on (unlocked),3/29/23,12:57:53 PM,0:00:00,0
Screen on (locked),3/29/23,12:57:51 PM,0:00:02,2
Screen off (locked),3/29/23,12:57:08 PM,0:00:43,43
Clock,3/29/23,12:57:00 PM,0:00:08,8
Screen on (unlocked),3/29/23,12:57:00 PM,0:00:00,0
Screen on (locked),3/29/23,12:56:58 PM,0:00:02,2
Screen off,3/29/23,12:39:38 PM,0:17:20,1040
Clock,3/29/23,12:37:37 PM,0:02:01,121
CamScanner,3/29/23,12:37:28 PM,0:00:08,8
Gmail,3/29/23,12:37:24 PM,0:00:04,4
CamScanner,3/29/23,12:37:05 PM,0:00:20,20
Finder,3/29/23,12:37:00 PM,0:00:05,5
Screen on (unlocked),3/29/23,12:36:54 PM,0:00:06,6
Screen on (locked),3/29/23,12:36:53 PM,0:00:01,1
Screen off (locked),3/29/23,12:25:09 PM,0:11:44,704
Screen on (locked),3/29/23,12:25:03 PM,0:00:06,6
Screen off,3/29/23,11:45:01 AM,0:40:02,2402
Reddit,3/29/23,11:42:48 AM,0:00:12,12
Screen on (unlocked),3/29/23,11:42:47 AM,0:00:00,0
Screen on (locked),3/29/23,11:42:45 AM,0:00:02,2
Screen off (locked),3/29/23,11:34:24 AM,0:08:21,501
Reddit,3/29/23,11:32:24 AM,0:02:00,120
Teams,3/29/23,11:32:22 AM,0:00:01,1
Screen on (unlocked),3/29/23,11:32:22 AM,0:00:00,0
Screen on (locked),3/29/23,11:32:20 AM,0:00:02,2
Screen off (locked),3/29/23,11:31:55 AM,0:00:25,25
Teams,3/29/23,11:31:25 AM,0:00:30,30
Screen on (unlocked),3/29/23,11:31:24 AM,0:00:00,0
Screen on (locked),3/29/23,11:31:23 AM,0:00:02,2
Screen off (locked),3/29/23,11:31:08 AM,0:00:14,14
Screen on (locked),3/29/23,11:31:06 AM,0:00:02,2
Screen off (locked),3/29/23,11:30:54 AM,0:00:12,12
Teams,3/29/23,11:30:16 AM,0:00:38,38
Screen on (unlocked),3/29/23,11:30:16 AM,0:00:00,0
Screen on (locked),3/29/23,11:30:13 AM,0:00:03,3
Screen off (locked),3/29/23,11:29:36 AM,0:00:37,37
Teams,3/29/23,11:28:49 AM,0:00:46,46
Reddit,3/29/23,11:28:44 AM,0:00:01,1
Screen on (unlocked),3/29/23,11:28:44 AM,0:00:00,0
Screen on (locked),3/29/23,11:28:40 AM,0:00:05,5
Screen off (locked),3/29/23,11:27:48 AM,0:00:51,51
Reddit,3/29/23,11:27:23 AM,0:00:25,25
Screen on (unlocked),3/29/23,11:27:23 AM,0:00:01,1
Screen on (locked),3/29/23,11:27:18 AM,0:00:05,5
Screen off (locked),3/29/23,9:55:38 AM,1:31:40,5500
Reddit,3/29/23,9:55:27 AM,0:00:11,11
Discord,3/29/23,9:52:16 AM,0:03:11,191
Reddit,3/29/23,9:51:52 AM,0:00:23,23
Teams,3/29/23,9:51:45 AM,0:00:06,6
Screen on (unlocked),3/29/23,9:51:45 AM,0:00:01,1
Screen on (locked),3/29/23,9:51:43 AM,0:00:02,2
Screen off (locked),3/29/23,9:26:16 AM,0:25:26,1526
Screen on (locked),3/29/23,9:26:12 AM,0:00:04,4
Screen off (locked),3/29/23,9:20:05 AM,0:06:07,367
Teams,3/29/23,9:19:58 AM,0:00:07,7
Screen on (unlocked),3/29/23,9:19:58 AM,0:00:00,0
Screen on (locked),3/29/23,9:19:55 AM,0:00:03,3
Screen off (locked),3/29/23,8:54:39 AM,0:25:16,1516
Screen on (unlocked),3/29/23,8:54:34 AM,0:00:05,5
Teams,3/29/23,8:54:34 AM,0:00:00,0
Screen on (locked),3/29/23,8:54:30 AM,0:00:04,4
Screen off (locked),3/29/23,8:54:22 AM,0:00:08,8
Teams,3/29/23,8:53:28 AM,0:00:54,54
Screen on (unlocked),3/29/23,8:53:27 AM,0:00:01,1
Discord,3/29/23,8:53:27 AM,0:00:00,0
Screen on (locked),3/29/23,8:53:26 AM,0:00:01,1
Screen off (locked),3/29/23,8:52:40 AM,0:00:45,45
Discord,3/29/23,8:52:15 AM,0:00:25,25
Teams,3/29/23,8:51:25 AM,0:00:50,50
Discord,3/29/23,8:51:01 AM,0:00:25,25
Screen on (unlocked),3/29/23,8:51:00 AM,0:00:00,0
Screen on (locked),3/29/23,8:50:58 AM,0:00:03,3
Screen off (locked),3/29/23,8:50:47 AM,0:00:11,11
Discord,3/29/23,8:47:25 AM,0:03:22,202
Teams,3/29/23,8:46:09 AM,0:01:15,75
Screen on (unlocked),3/29/23,8:46:09 AM,0:00:00,0
Screen on (locked),3/29/23,8:46:06 AM,0:00:04,4
Screen off (locked),3/29/23,8:35:04 AM,0:11:01,661
Screen on (locked),3/29/23,8:34:58 AM,0:00:06,6
Screen off (locked),3/29/23,8:33:58 AM,0:01:00,60
Screen on (locked),3/29/23,8:33:52 AM,0:00:06,6
Screen off (locked),3/29/23,8:19:42 AM,0:14:10,850
Drive,3/29/23,8:16:38 AM,0:03:04,184
Chrome,3/29/23,8:16:25 AM,0:00:12,12
Drive,3/29/23,8:16:22 AM,0:00:04,4
Chrome,3/29/23,8:16:20 AM,0:00:01,1
Chrome,3/29/23,8:15:46 AM,0:00:32,32
WhatsApp,3/29/23,8:15:40 AM,0:00:04,4
Screen on (unlocked),3/29/23,8:15:39 AM,0:00:01,1
Screen on (locked),3/29/23,8:15:37 AM,0:00:02,2
Screen off (locked),3/29/23,7:58:51 AM,0:16:46,1006
Screen on (locked),3/29/23,7:58:49 AM,0:00:02,2
Screen off (locked),3/29/23,7:55:19 AM,0:03:30,210
Screen on (locked),3/29/23,7:55:15 AM,0:00:05,5
Screen off (locked),3/29/23,7:53:16 AM,0:01:59,119
WhatsApp,3/29/23,7:53:02 AM,0:00:14,14
Finder,3/29/23,7:52:59 AM,0:00:04,4
Reddit,3/29/23,7:52:56 AM,0:00:01,1
Screen on (unlocked),3/29/23,7:52:56 AM,0:00:00,0
Screen on (locked),3/29/23,7:52:54 AM,0:00:02,2
Screen off (locked),3/29/23,7:51:53 AM,0:01:01,61
Screen on (locked),3/29/23,7:51:42 AM,0:00:11,11
Screen off (locked),3/29/23,7:49:23 AM,0:02:19,139
Reddit,3/29/23,7:48:53 AM,0:00:29,29
Clock,3/29/23,7:48:49 AM,0:00:01,1
Screen on (unlocked),3/29/23,7:48:49 AM,0:00:01,1
Screen on (locked),3/29/23,7:48:15 AM,0:00:34,34
Screen off (locked),3/29/23,7:47:33 AM,0:00:42,42
Screen on (locked),3/29/23,7:47:27 AM,0:00:07,7
Screen off (locked),3/29/23,7:46:03 AM,0:01:23,83
Screen on (locked),3/29/23,7:46:03 AM,0:00:01,1
Screen off (locked),3/29/23,7:44:16 AM,0:01:47,107
Clock,3/29/23,7:44:01 AM,0:00:15,15
Screen on (locked),3/29/23,7:44:01 AM,0:00:00,0
Screen off (locked),3/29/23,7:40:43 AM,0:03:18,198
Screen on (locked),3/29/23,7:40:39 AM,0:00:04,4
Screen off (locked),3/29/23,7:39:05 AM,0:01:34,94
Screen on (locked),3/29/23,7:39:02 AM,0:00:03,3
Screen off (locked),3/29/23,7:26:24 AM,0:12:38,758
Screen on (unlocked),3/29/23,7:25:16 AM,0:01:08,68
Clock,3/29/23,7:25:03 AM,0:00:13,13
Screen on (locked),3/29/23,7:25:02 AM,0:00:00,0
Screen off (locked),3/29/23,1:49:50 AM,5:35:13,20113
Clock,3/29/23,1:49:48 AM,0:00:01,1
Screen on (unlocked),3/29/23,1:49:42 AM,0:00:01,1
Reddit,3/29/23,1:49:42 AM,0:00:00,0
Screen on (locked),3/29/23,1:49:39 AM,0:00:03,3
Screen off,3/29/23,1:27:27 AM,0:22:12,1332
Reddit,3/29/23,1:25:25 AM,0:02:02,122
Screen on (unlocked),3/29/23,1:25:23 AM,0:00:03,3
Screen on (locked),3/29/23,1:25:21 AM,0:00:02,2
Screen off,3/28/23,11:26:14 PM,1:59:07,7147
Screen on (unlocked),3/28/23,11:23:44 PM,0:00:00,0
Reddit,3/28/23,11:23:44 PM,0:02:30,150
Screen on (locked),3/28/23,11:23:43 PM,0:00:01,1
Screen off,3/28/23,9:56:50 PM,1:26:54,5214
Screen on (unlocked),3/28/23,9:53:13 PM,0:03:37,217
Reddit,3/28/23,9:53:13 PM,0:00:00,0
Screen on (locked),3/28/23,9:53:10 PM,0:00:02,2
Screen off,3/28/23,9:46:07 PM,0:07:04,424
Reddit,3/28/23,9:43:45 PM,0:02:22,142
Screen on (unlocked),3/28/23,9:43:44 PM,0:00:00,0
Screen on (locked),3/28/23,9:43:44 PM,0:00:00,0
Screen off,3/28/23,9:28:24 PM,0:15:19,919
Reddit,3/28/23,9:26:21 PM,0:02:04,124
Reddit,3/28/23,9:25:50 PM,0:00:30,30
Screen on (unlocked),3/28/23,9:25:50 PM,0:00:00,0
Screen off,3/28/23,9:25:49 PM,0:00:00,0
Screen off (locked),3/28/23,9:25:48 PM,0:00:01,1
Screen on (locked),3/28/23,9:25:48 PM,0:00:01,1
Screen off (locked),3/28/23,8:00:15 PM,1:25:32,5132
Reddit,3/28/23,7:58:13 PM,0:02:03,123
Screen on (unlocked),3/28/23,7:58:08 PM,0:00:00,0
PNC,3/28/23,7:58:08 PM,0:00:05,5
Screen on (locked),3/28/23,7:58:06 PM,0:00:02,2
Screen off (locked),3/28/23,7:58:05 PM,0:00:01,1
Screen on (locked),3/28/23,7:57:58 PM,0:00:06,6
Screen off (locked),3/28/23,7:48:30 PM,0:09:28,568
Screen on (locked),3/28/23,7:48:22 PM,0:00:08,8
Screen off (locked),3/28/23,7:40:35 PM,0:07:47,467
PNC,3/28/23,7:40:00 PM,0:00:35,35
Finder,3/28/23,7:39:59 PM,0:00:01,1
Zelle,3/28/23,7:39:49 PM,0:00:08,8
Reddit,3/28/23,7:39:46 PM,0:00:01,1
Discord,3/28/23,7:39:44 PM,0:00:02,2
Gmail,3/28/23,7:39:25 PM,0:00:18,18
Finder,3/28/23,7:39:22 PM,0:00:02,2
Zelle,3/28/23,7:39:15 PM,0:00:06,6
Google Play Store,3/28/23,7:39:10 PM,0:00:05,5
Zelle,3/28/23,7:38:30 PM,0:00:39,39
Finder,3/28/23,7:38:29 PM,0:00:01,1
Zelle,3/28/23,7:38:19 PM,0:00:08,8
Zelle,3/28/23,7:37:47 PM,0:00:31,31
Screen on (unlocked),3/28/23,7:37:43 PM,0:00:01,1
Call,3/28/23,7:36:38 PM,0:01:04,64
Screen on (locked),3/28/23,7:36:38 PM,0:00:00,0
Screen off,3/28/23,7:27:16 PM,0:09:22,562
Reddit,3/28/23,7:24:34 PM,0:02:42,162
Discord,3/28/23,7:24:32 PM,0:00:01,1
Phase 10,3/28/23,7:24:28 PM,0:00:04,4
Reddit,3/28/23,7:24:00 PM,0:00:27,27
Screen on (unlocked),3/28/23,7:23:59 PM,0:00:01,1
Call,3/28/23,7:23:34 PM,0:00:25,25
Screen on (locked),3/28/23,7:23:34 PM,0:00:00,0
Screen off (locked),3/28/23,5:47:12 PM,1:36:22,5782
Clock,3/28/23,5:47:05 PM,0:00:07,7
Call,3/28/23,5:47:01 PM,0:00:04,4
Screen on (locked),3/28/23,5:47:01 PM,0:00:00,0
Screen off (locked),3/28/23,5:44:13 PM,0:02:48,168
Call,3/28/23,5:43:27 PM,0:00:46,46
Screen on (locked),3/28/23,5:43:26 PM,0:00:00,0
Screen off (locked),3/28/23,5:24:07 PM,0:19:19,1159
Clock,3/28/23,5:23:52 PM,0:00:15,15
Phone,3/28/23,5:23:49 PM,0:00:02,2
Call,3/28/23,5:23:44 PM,0:00:05,5
Screen on (unlocked),3/28/23,5:23:44 PM,0:00:00,0
Screen off,3/28/23,5:23:38 PM,0:00:06,6
Call,3/28/23,5:23:06 PM,0:00:31,31
Phone,3/28/23,5:23:05 PM,0:00:01,1
Screen on (unlocked),3/28/23,5:23:05 PM,0:00:00,0
Screen on (locked),3/28/23,5:22:56 PM,0:00:08,8
Screen off (locked),3/28/23,1:56:19 PM,3:26:37,12397
Screen on (locked),3/28/23,1:56:12 PM,0:00:07,7
Screen off (locked),3/28/23,1:56:07 PM,0:00:06,6
Screen on (locked),3/28/23,1:56:05 PM,0:00:02,2
Screen off (locked),3/28/23,1:55:53 PM,0:00:12,12
Chrome,3/28/23,1:55:15 PM,0:00:37,37
Clock,3/28/23,1:55:14 PM,0:00:01,1
Screen on (unlocked),3/28/23,1:55:14 PM,0:00:00,0
Screen on (locked),3/28/23,1:55:12 PM,0:00:02,2
Screen off,3/28/23,1:48:36 PM,0:06:36,396
Screen on (unlocked),3/28/23,1:46:34 PM,0:02:01,121
Clock,3/28/23,1:46:34 PM,0:00:00,0
Screen on (locked),3/28/23,1:46:28 PM,0:00:06,6
Screen off (locked),3/28/23,1:39:32 PM,0:06:56,416
Clock,3/28/23,1:39:24 PM,0:00:08,8
Screen on (unlocked),3/28/23,1:39:23 PM,0:00:01,1
Screen on (locked),3/28/23,1:39:22 PM,0:00:02,2
Screen off (locked),3/28/23,12:30:23 PM,1:08:59,4139
Clock,3/28/23,12:30:20 PM,0:00:03,3
Phone,3/28/23,12:30:17 PM,0:00:01,1
Screen on (unlocked),3/28/23,12:30:15 PM,0:00:00,0
Screen on (locked),3/28/23,12:30:13 PM,0:00:02,2
Screen off (locked),3/28/23,12:14:56 PM,0:15:17,917
Clock,3/28/23,12:14:52 PM,0:00:04,4
DoorDash,3/28/23,12:14:45 PM,0:00:01,1
Screen on (unlocked),3/28/23,12:14:45 PM,0:00:00,0
Screen on (locked),3/28/23,12:14:41 PM,0:00:04,4
Screen off (locked),3/28/23,12:14:23 PM,0:00:18,18
Screen on (locked),3/28/23,12:14:17 PM,0:00:06,6
Screen off (locked),3/28/23,11:38:25 AM,0:35:52,2152
Screen on (unlocked),3/28/23,11:37:31 AM,0:00:55,55
DoorDash,3/28/23,11:37:31 AM,0:00:00,0
Screen on (locked),3/28/23,11:37:28 AM,0:00:02,2
Screen off,3/28/23,11:15:38 AM,0:21:50,1310
Phone,3/28/23,11:13:38 AM,0:02:01,121
Call,3/28/23,11:13:32 AM,0:00:06,6
Screen on (unlocked),3/28/23,11:13:32 AM,0:00:00,0
Screen off,3/28/23,11:13:28 AM,0:00:04,4
Call,3/28/23,11:12:58 AM,0:00:31,31
Screen on (unlocked),3/28/23,11:12:58 AM,0:00:00,0
Screen off,3/28/23,11:12:45 AM,0:00:13,13
Call,3/28/23,11:12:13 AM,0:00:31,31
Screen on (unlocked),3/28/23,11:12:12 AM,0:00:02,2
Screen on (locked),3/28/23,11:12:09 AM,0:00:02,2
Screen off,3/28/23,10:44:56 AM,0:27:13,1633
Phone,3/28/23,10:42:56 AM,0:02:01,121
Call,3/28/23,10:42:48 AM,0:00:07,7
Screen on (unlocked),3/28/23,10:42:48 AM,0:00:00,0
Screen off,3/28/23,10:39:02 AM,0:03:46,226
Call,3/28/23,10:38:19 AM,0:00:44,44
Screen on (unlocked),3/28/23,10:38:19 AM,0:00:00,0
Screen off,3/28/23,10:37:56 AM,0:00:23,23
Call,3/28/23,10:37:26 AM,0:00:30,30
Screen on (unlocked),3/28/23,10:37:26 AM,0:00:00,0
Screen off,3/28/23,10:37:09 AM,0:00:17,17
Call,3/28/23,10:36:15 AM,0:00:54,54
Phone,3/28/23,10:36:13 AM,0:00:01,1
Screen on (unlocked),3/28/23,10:36:13 AM,0:00:00,0
Screen on (locked),3/28/23,10:36:11 AM,0:00:02,2
Screen off (locked),3/28/23,10:29:47 AM,0:06:24,384
Screen on (locked),3/28/23,10:29:45 AM,0:00:01,1
Screen off (locked),3/28/23,10:29:41 AM,0:00:04,4
Screen on (locked),3/28/23,10:29:40 AM,0:00:02,2
Screen off (locked),3/28/23,10:28:14 AM,0:01:26,86
Call,3/28/23,10:28:08 AM,0:00:06,6
Screen on (locked),3/28/23,10:28:08 AM,0:00:00,0
Screen off (locked),3/28/23,10:28:07 AM,0:00:01,1
Call,3/28/23,10:27:38 AM,0:00:29,29
Phone,3/28/23,10:27:34 AM,0:00:04,4
Call,3/28/23,10:27:16 AM,0:00:18,18
Phone,3/28/23,10:27:12 AM,0:00:04,4
Reddit,3/28/23,10:27:07 AM,0:00:01,1
Screen on (unlocked),3/28/23,10:27:07 AM,0:00:00,0
Screen on (locked),3/28/23,10:26:59 AM,0:00:08,8
Screen off (locked),3/28/23,9:58:43 AM,0:28:16,1696
Screen on (locked),3/28/23,9:58:39 AM,0:00:04,4
Screen off (locked),3/28/23,9:54:07 AM,0:04:33,273
Screen on (locked),3/28/23,9:53:59 AM,0:00:07,7
Screen off (locked),3/28/23,9:49:20 AM,0:04:40,280
Screen on (locked),3/28/23,9:49:18 AM,0:00:02,2
Screen off (locked),3/28/23,9:44:21 AM,0:04:57,297
Screen on (locked),3/28/23,9:44:20 AM,0:00:01,1
Screen off,3/28/23,9:44:13 AM,0:00:07,7
Reddit,3/28/23,9:40:42 AM,0:03:31,211
Screen on (unlocked),3/28/23,9:40:37 AM,0:00:02,2
Clock,3/28/23,9:40:02 AM,0:00:35,35
Screen on (locked),3/28/23,9:40:02 AM,0:00:00,0
Screen off,3/28/23,8:49:07 AM,0:50:55,3055
Clock,3/28/23,8:46:53 AM,0:02:14,134
Docs,3/28/23,8:46:50 AM,0:00:01,1
Screen on (unlocked),3/28/23,8:46:40 AM,0:00:00,0
Discord,3/28/23,8:46:40 AM,0:00:10,10
Screen on (locked),3/28/23,8:46:37 AM,0:00:04,4
Screen off (locked),3/28/23,8:00:30 AM,0:46:07,2767
Clock,3/28/23,8:00:02 AM,0:00:27,27
Screen on (locked),3/28/23,8:00:02 AM,0:00:00,0
Screen off,3/27/23,10:04:39 PM,9:55:23,35723
Discord,3/27/23,10:01:58 PM,0:02:41,161
Screen on (unlocked),3/27/23,10:01:44 PM,0:00:00,0
Clock,3/27/23,10:01:44 PM,0:00:14,14
Screen on (locked),3/27/23,10:01:42 PM,0:00:02,2
Screen off (locked),3/27/23,10:00:25 PM,0:01:17,77
Clock,3/27/23,10:00:01 PM,0:00:24,24
Screen on (locked),3/27/23,10:00:01 PM,0:00:00,0
Screen off (locked),3/27/23,8:33:05 PM,1:26:56,5216
Clock,3/27/23,8:32:32 PM,0:00:33,33
Finder,3/27/23,8:32:30 PM,0:00:01,1
Screen on (unlocked),3/27/23,8:32:27 PM,0:00:00,0
Screen on (locked),3/27/23,8:32:26 PM,0:00:01,1
Screen off (locked),3/27/23,6:21:02 PM,2:11:24,7884
Discord,3/27/23,6:19:52 PM,0:01:08,68
Camera,3/27/23,6:19:45 PM,0:00:07,7
Screen on (unlocked),3/27/23,6:19:40 PM,0:00:00,0
Screen on (locked),3/27/23,6:19:38 PM,0:00:02,2
Screen off (locked),3/27/23,6:12:19 PM,0:07:19,439
Discord,3/27/23,6:12:09 PM,0:00:04,4
Screen on (unlocked),3/27/23,6:12:09 PM,0:00:00,0
Screen on (locked),3/27/23,6:12:01 PM,0:00:08,8
Screen off (locked),3/27/23,4:53:08 PM,1:18:53,4733
Discord,3/27/23,4:52:49 PM,0:00:19,19
Reddit,3/27/23,4:52:47 PM,0:00:01,1
Screen on (unlocked),3/27/23,4:52:47 PM,0:00:01,1
Screen on (locked),3/27/23,4:52:43 PM,0:00:04,4
Screen off (locked),3/27/23,3:51:20 PM,1:01:23,3683
Screen on (locked),3/27/23,3:51:18 PM,0:00:02,2
Screen off (locked),3/27/23,3:36:48 PM,0:14:30,870
Screen on (locked),3/27/23,3:36:34 PM,0:00:15,15
Screen off,3/27/23,3:14:38 PM,0:21:56,1316
Reddit,3/27/23,3:07:38 PM,0:06:59,419
Chrome,3/27/23,3:07:36 PM,0:00:03,3
Reddit,3/27/23,3:07:03 PM,0:00:33,33
Chrome,3/27/23,3:06:56 PM,0:00:07,7
Reddit,3/27/23,3:05:45 PM,0:01:10,70
Discord,3/27/23,3:05:24 PM,0:00:20,20
Discord,3/27/23,3:05:18 PM,0:00:05,5
Message+,3/27/23,3:05:11 PM,0:00:06,6
Reddit,3/27/23,3:03:49 PM,0:01:22,82
Message+,3/27/23,3:03:45 PM,0:00:04,4
Message+,3/27/23,3:03:43 PM,0:00:01,1
Discord,3/27/23,3:01:01 PM,0:01:29,89
Screen on (unlocked),3/27/23,3:01:00 PM,0:00:00,0
Screen on (locked),3/27/23,3:00:58 PM,0:00:03,3
Screen off (locked),3/27/23,1:59:41 PM,1:01:16,3676
Screen on (locked),3/27/23,1:59:24 PM,0:00:17,17
Screen off (locked),3/27/23,1:58:43 PM,0:00:41,41
Screen on (locked),3/27/23,1:58:40 PM,0:00:03,3
Screen off (locked),3/27/23,1:57:09 PM,0:01:31,91
Screen on (locked),3/27/23,1:57:06 PM,0:00:03,3
Screen off (locked),3/27/23,1:54:08 PM,0:02:58,178
Screen on (locked),3/27/23,1:54:02 PM,0:00:07,7
Screen off (locked),3/27/23,1:54:01 PM,0:00:01,1
Screen on (locked),3/27/23,1:53:58 PM,0:00:03,3
Screen off (locked),3/27/23,1:52:50 PM,0:01:07,67
Screen on (locked),3/27/23,1:52:40 PM,0:00:11,11
Screen off (locked),3/27/23,1:49:55 PM,0:02:44,164
Screen on (locked),3/27/23,1:49:53 PM,0:00:02,2
Screen off (locked),3/27/23,1:40:19 PM,0:09:34,574
Clock,3/27/23,1:40:01 PM,0:00:18,18
Screen on (locked),3/27/23,1:40:01 PM,0:00:00,0
Screen off (locked),3/27/23,1:36:50 PM,0:03:11,191
Screen on (locked),3/27/23,1:36:44 PM,0:00:06,6
Screen off (locked),3/27/23,11:34:41 AM,2:02:03,7323
Clock,3/27/23,11:34:32 AM,0:00:09,9
Finder,3/27/23,11:34:30 AM,0:00:02,2
Reddit,3/27/23,11:34:26 AM,0:00:01,1
Screen on (unlocked),3/27/23,11:34:26 AM,0:00:00,0
Screen on (locked),3/27/23,11:34:24 AM,0:00:01,1
Screen off (locked),3/27/23,11:30:50 AM,0:03:34,214
Reddit,3/27/23,11:30:45 AM,0:00:05,5
Screen on (unlocked),3/27/23,11:30:44 AM,0:00:01,1
Screen on (locked),3/27/23,11:30:42 AM,0:00:02,2
Screen off (locked),3/27/23,11:30:04 AM,0:00:38,38
Reddit,3/27/23,11:29:59 AM,0:00:05,5
Screen on (unlocked),3/27/23,11:29:59 AM,0:00:00,0
Screen on (locked),3/27/23,11:29:56 AM,0:00:03,3
Screen off (locked),3/27/23,11:29:40 AM,0:00:16,16
Reddit,3/27/23,11:27:25 AM,0:02:15,135
Discord,3/27/23,11:26:53 AM,0:00:32,32
Chrome,3/27/23,11:25:02 AM,0:01:50,110
Phone,3/27/23,11:25:01 AM,0:00:01,1
Screen on (unlocked),3/27/23,11:25:00 AM,0:00:01,1
Screen on (locked),3/27/23,11:24:59 AM,0:00:02,2
Screen off (locked),3/27/23,11:24:47 AM,0:00:12,12
Screen on (locked),3/27/23,11:24:41 AM,0:00:06,6
Screen off (locked),3/27/23,11:24:38 AM,0:00:02,2
Phone,3/27/23,11:24:37 AM,0:00:02,2
Screen on (unlocked),3/27/23,11:24:37 AM,0:00:00,0
Screen off,3/27/23,11:18:03 AM,0:06:33,393
Call,3/27/23,11:17:31 AM,0:00:32,32
Phone,3/27/23,11:17:29 AM,0:00:02,2
Discord,3/27/23,11:17:27 AM,0:00:01,1
Screen on (unlocked),3/27/23,11:17:27 AM,0:00:00,0
Screen on (locked),3/27/23,11:17:26 AM,0:00:01,1
Screen off (locked),3/27/23,11:08:57 AM,0:08:28,508
Discord,3/27/23,11:08:36 AM,0:00:22,22
Screen on (unlocked),3/27/23,11:08:36 AM,0:00:00,0
Screen on (locked),3/27/23,11:08:34 AM,0:00:01,1
Screen off,3/27/23,11:08:13 AM,0:00:21,21
Discord,3/27/23,11:04:50 AM,0:03:23,203
Screen on (unlocked),3/27/23,11:04:50 AM,0:00:01,1
Screen on (locked),3/27/23,11:04:47 AM,0:00:03,3
Screen off (locked),3/27/23,11:04:06 AM,0:00:41,41
Discord,3/27/23,11:03:17 AM,0:00:48,48
Screen on (unlocked),3/27/23,11:03:17 AM,0:00:00,0
Screen on (locked),3/27/23,11:03:14 AM,0:00:03,3
Screen off (locked),3/27/23,11:02:36 AM,0:00:38,38
Discord,3/27/23,11:00:36 AM,0:02:00,120
Screen on (unlocked),3/27/23,11:00:36 AM,0:00:01,1
Screen on (locked),3/27/23,11:00:33 AM,0:00:02,2
Screen off (locked),3/27/23,11:00:09 AM,0:00:25,25
Screen on (unlocked),3/27/23,10:57:55 AM,0:02:14,134
Discord,3/27/23,10:57:55 AM,0:00:00,0
Screen on (locked),3/27/23,10:57:53 AM,0:00:01,1
Screen off (locked),3/27/23,10:57:52 AM,0:00:01,1
Screen on (locked),3/27/23,10:57:51 AM,0:00:01,1
Screen off (locked),3/27/23,10:57:35 AM,0:00:16,16
Discord,3/27/23,10:56:23 AM,0:01:12,72
Screen on (unlocked),3/27/23,10:56:22 AM,0:00:00,0
Screen on (locked),3/27/23,10:56:20 AM,0:00:02,2
Screen off (locked),3/27/23,10:50:18 AM,0:06:03,363
Screen on (locked),3/27/23,10:50:05 AM,0:00:13,13
Screen off (locked),3/27/23,10:49:20 AM,0:00:45,45
Screen on (locked),3/27/23,10:49:18 AM,0:00:02,2
Screen off (locked),3/27/23,9:58:36 AM,0:50:43,3043
Stack,3/27/23,9:57:06 AM,0:01:28,88
Google Play Store,3/27/23,9:56:41 AM,0:00:10,10
Discord,3/27/23,9:56:02 AM,0:00:27,27
Screen on (unlocked),3/27/23,9:56:00 AM,0:00:00,0
Screen on (locked),3/27/23,9:56:00 AM,0:00:01,1
Screen off (locked),3/27/23,9:55:36 AM,0:00:24,24
Sheets,3/27/23,9:54:45 AM,0:00:49,49
Google Play Store,3/27/23,9:53:58 AM,0:00:47,47
Chrome,3/27/23,9:53:41 AM,0:00:16,16
Chrome,3/27/23,9:53:19 AM,0:00:20,20
Discord,3/27/23,9:53:02 AM,0:00:13,13
Discord,3/27/23,9:52:59 AM,0:00:03,3
Discord,3/27/23,9:51:31 AM,0:01:27,87
Screen on (unlocked),3/27/23,9:51:31 AM,0:00:00,0
Screen on (locked),3/27/23,9:51:31 AM,0:00:00,0
Screen off (locked),3/27/23,9:51:28 AM,0:00:02,2
Screen on (locked),3/27/23,9:51:27 AM,0:00:01,1
Screen off (locked),3/27/23,9:32:27 AM,0:19:01,1141
Screen on (locked),3/27/23,9:32:26 AM,0:00:01,1
Screen off (locked),3/27/23,9:06:43 AM,0:25:43,1543
Screen on (locked),3/27/23,9:06:42 AM,0:00:01,1
Screen off (locked),3/27/23,8:52:19 AM,0:14:22,862
Discord,3/27/23,8:52:14 AM,0:00:05,5
Screen on (unlocked),3/27/23,8:52:14 AM,0:00:01,1
Screen on (locked),3/27/23,8:52:11 AM,0:00:02,2
Screen off (locked),3/27/23,8:51:37 AM,0:00:35,35
Discord,3/27/23,8:47:20 AM,0:04:17,257
Screen on (unlocked),3/27/23,8:47:19 AM,0:00:01,1
Screen on (locked),3/27/23,8:47:10 AM,0:00:09,9
Screen off (locked),3/27/23,7:58:31 AM,0:48:39,2919
Screen on (locked),3/27/23,7:58:27 AM,0:00:04,4
Screen off (locked),3/27/23,7:53:12 AM,0:05:15,315
Discord,3/27/23,7:52:46 AM,0:00:26,26
YouTube,3/27/23,7:52:37 AM,0:00:02,2
Screen on (unlocked),3/27/23,7:52:24 AM,0:00:14,14
Screen on (locked),3/27/23,7:52:22 AM,0:00:02,2
Chrome,3/27/23,7:52:21 AM,0:00:01,1
Screen on (unlocked),3/27/23,7:52:20 AM,0:00:00,0
Screen on (locked),3/27/23,7:52:15 AM,0:00:05,5
Screen off (locked),3/27/23,7:50:01 AM,0:02:14,134
Screen on (locked),3/27/23,7:49:59 AM,0:00:02,2
Screen off (locked),3/27/23,7:49:56 AM,0:00:02,2
Screen on (locked),3/27/23,7:49:55 AM,0:00:02,2
Screen off (locked),3/27/23,7:49:13 AM,0:00:42,42
Screen on (locked),3/27/23,7:49:11 AM,0:00:02,2
Screen off (locked),3/27/23,7:49:10 AM,0:00:01,1
Screen on (locked),3/27/23,7:49:08 AM,0:00:02,2
Screen off (locked),3/27/23,7:48:47 AM,0:00:21,21
Screen on (locked),3/27/23,7:48:33 AM,0:00:15,15
Screen off (locked),3/27/23,7:48:32 AM,0:00:01,1
Chrome,3/27/23,7:48:30 AM,0:00:02,2
YouTube,3/27/23,7:48:24 AM,0:00:06,6
Clock,3/27/23,7:48:23 AM,0:00:01,1
Screen on (unlocked),3/27/23,7:48:23 AM,0:00:00,0
Screen on (locked),3/27/23,7:48:12 AM,0:00:11,11
Screen off (locked),3/27/23,7:47:14 AM,0:00:58,58
Screen on (locked),3/27/23,7:47:07 AM,0:00:07,7
Screen off (locked),3/27/23,7:46:17 AM,0:00:51,51
Clock,3/27/23,7:46:02 AM,0:00:15,15
Screen on (locked),3/27/23,7:46:02 AM,0:00:00,0
Screen off,3/27/23,7:43:39 AM,0:02:22,142
Screen on (unlocked),3/27/23,7:41:29 AM,0:00:00,0
Clock,3/27/23,7:41:29 AM,0:02:11,131
Screen on (locked),3/27/23,7:41:21 AM,0:00:08,8
Screen off (locked),3/27/23,7:40:19 AM,0:01:02,62
Clock,3/27/23,7:40:00 AM,0:00:18,18
Screen on (locked),3/27/23,7:40:00 AM,0:00:00,0
Screen off (locked),3/27/23,7:02:30 AM,0:37:30,2250
Screen on (locked),3/27/23,7:02:26 AM,0:00:04,4
Clock,3/27/23,7:02:14 AM,0:00:11,11
Discord,3/27/23,7:00:41 AM,0:01:31,91
Screen on (unlocked),3/27/23,7:00:37 AM,0:00:02,2
Clock,3/27/23,7:00:01 AM,0:00:36,36
Screen on (locked),3/27/23,7:00:01 AM,0:00:00,0
Screen off (locked),3/27/23,2:14:49 AM,4:45:12,17112
Clock,3/27/23,2:14:36 AM,0:00:13,13
Screen on (unlocked),3/27/23,2:14:35 AM,0:00:00,0
Screen on (locked),3/27/23,2:14:33 AM,0:00:02,2
